MacroTrends Data Download,,,
Dow Jones - 100 Year Historical Chart,,,
Note: Real datasets are adjusted for inflation using the headline Consumer Price Index (CPI) with the current month as the base.,,,
"Disclaimer and Terms of Use: Historical data is provided 'as is' and solely for informational purposes, not for trading purposes or advice.",,,
"MacroTrends LLC expressly disclaims the accuracy, adequacy, or completeness of any data and shall not be liable for any errors, omissions or other defects in, ",,,
"delays or interruptions in such data, or for any actions taken in reliance thereon.  Neither MacroTrends LLC nor any of our information providers will be liable",,,
for any damages relating to your use of the data provided.,,,
,,,
series_id,date,real,nominal
DJIA,1/1/18,1406,79.8
DJIA,2/1/18,1406.34,80.39
DJIA,3/1/18,1346.27,76.41
DJIA,4/1/18,1346.43,77.51
DJIA,5/1/18,1328.22,78.08
DJIA,6/1/18,1385.69,82.58
DJIA,7/1/18,1326.89,81.23
DJIA,8/1/18,1320.76,82.46
DJIA,9/1/18,1330.41,84.68
DJIA,10/1/18,1318.22,85.51
DJIA,11/1/18,1224.71,80.93
DJIA,12/1/18,1228.81,82.2
DJIA,1/1/19,1205.04,80.61
DJIA,2/1/19,1291.32,84.81
DJIA,3/1/19,1336.3,88.85
DJIA,4/1/19,1371.84,92.88
DJIA,5/1/19,1539.77,105.5
DJIA,6/1/19,1561.37,106.98
DJIA,7/1/19,1519.1,107.16
DJIA,8/1/19,1459.8,104.75
DJIA,9/1/19,1543.95,111.42
DJIA,10/1/19,1620.64,118.92
DJIA,11/1/19,1382.9,103.72
DJIA,12/1/19,1399.46,107.23
DJIA,1/1/20,1331.8,104.21
DJIA,2/1/20,1153.34,91.18
DJIA,3/1/20,1287.28,102.81
DJIA,4/1/20,1136.6,93.54
DJIA,5/1/20,1099.33,91.81
DJIA,6/1/20,1071.15,90.76
DJIA,7/1/20,1029.95,86.85
DJIA,8/1/20,1046.93,86.16
DJIA,9/1/20,1023.02,82.95
DJIA,10/1/20,1054.57,85.08
DJIA,11/1/20,947.31,76.04
DJIA,12/1/20,914.84,71.95
DJIA,1/1/21,988.32,76.13
DJIA,2/1/21,1005.18,74.98
DJIA,3/1/21,1021.17,75.76
DJIA,4/1/21,1070.75,78.57
DJIA,5/1/21,1023.46,73.44
DJIA,6/1/21,959.33,68.45
DJIA,7/1/21,952.8,68.37
DJIA,8/1/21,935.24,67.11
DJIA,9/1/21,1001.87,71.08
DJIA,10/1/21,1031.89,73.21
DJIA,11/1/21,1095.8,77.3
DJIA,12/1/21,1152.05,80.8
DJIA,1/1/22,1186.57,81.3
DJIA,2/1/22,1247.29,85.46
DJIA,3/1/22,1315.27,89.05
DJIA,4/1/22,1357.81,91.93
DJIA,5/1/22,1418.36,96.03
DJIA,6/1/22,1372.58,92.93
DJIA,7/1/22,1424.89,97.05
DJIA,8/1/22,1497.49,100.78
DJIA,9/1/22,1443.11,97.12
DJIA,10/1/22,1419.54,96.11
DJIA,11/1/22,1389.65,94.65
DJIA,12/1/22,1432.79,98.17
DJIA,1/1/23,1430.47,97.43
DJIA,2/1/23,1525.46,103.9
DJIA,3/1/23,1508.87,102.77
DJIA,4/1/23,1435.86,98.38
DJIA,5/1/23,1423.45,97.53
DJIA,6/1/23,1282.68,88.4
DJIA,7/1/23,1246.38,86.91
DJIA,8/1/23,1348.16,93.46
DJIA,9/1/23,1261.58,87.97
DJIA,10/1/23,1262.26,88.53
DJIA,11/1/23,1316.58,92.34
DJIA,12/1/23,1361.92,95.52
DJIA,1/1/24,1435.21,100.66
DJIA,2/1/24,1400.97,97.69
DJIA,3/1/24,1331.14,92.28
DJIA,4/1/24,1315.04,90.63
DJIA,5/1/24,1304.45,89.9
DJIA,6/1/24,1398.33,96.37
DJIA,7/1/24,1473.37,102.14
DJIA,8/1/24,1511.07,104.14
DJIA,9/1/24,1488.08,103.16
DJIA,10/1/24,1492.32,104.06
DJIA,11/1/24,1593.29,111.1
DJIA,12/1/24,1718.23,120.51
DJIA,1/1/25,1760.72,123.49
DJIA,2/1/25,1753.04,122.24
DJIA,3/1/25,1664.62,116.75
DJIA,4/1/25,1721.06,120.01
DJIA,5/1/25,1852.83,129.95
DJIA,6/1/25,1846.59,131.01
DJIA,7/1/25,1864.78,133.81
DJIA,8/1/25,1967.48,141.18
DJIA,9/1/25,1999.26,143.46
DJIA,10/1/25,2169.14,155.65
DJIA,11/1/25,2070.4,151.08
DJIA,12/1/25,2081.88,151.08
DJIA,1/1/26,2168.28,157.35
DJIA,2/1/26,2131.49,154.68
DJIA,3/1/26,1946.35,140.46
DJIA,4/1/26,1980.32,143.71
DJIA,5/1/26,1987.51,143.43
DJIA,6/1/26,2132.77,153.04
DJIA,7/1/26,2257.74,160.18
DJIA,8/1/26,2303.74,162.51
DJIA,9/1/26,2229.69,158.19
DJIA,10/1/26,2112.9,150.76
DJIA,11/1/26,2181.68,156.55
DJIA,12/1/26,2190.74,157.2
DJIA,1/1/27,2204.6,156.41
DJIA,2/1/27,2295.94,161.96
DJIA,3/1/27,2282.42,160.08
DJIA,4/1/27,2347.44,164.64
DJIA,5/1/27,2451.88,172.96
DJIA,6/1/27,2329.71,166.23
DJIA,7/1/27,2586.4,181.4
DJIA,8/1/27,2721.78,189.79
DJIA,9/1/27,2817.24,197.59
DJIA,10/1/27,2576.2,181.73
DJIA,11/1/27,2826.08,198.21
DJIA,12/1/27,2861.58,200.7
DJIA,1/1/28,2831.5,198.59
DJIA,2/1/28,2809.7,194.78
DJIA,3/1/28,3093.44,214.45
DJIA,4/1/28,3052.76,211.63
DJIA,5/1/28,3152.3,219.81
DJIA,6/1/28,3034.59,210.37
DJIA,7/1/28,3115.8,216
DJIA,8/1/28,3467.91,240.41
DJIA,9/1/28,3384.56,237.38
DJIA,10/1/28,3616.23,252.16
DJIA,11/1/28,4207.36,293.38
DJIA,12/1/28,4327.5,300
DJIA,1/1/29,4580.08,317.51
DJIA,2/1/29,4578.64,317.41
DJIA,3/1/29,4481.41,308.85
DJIA,4/1/29,4660.04,319.29
DJIA,5/1/29,4315.42,297.41
DJIA,6/1/29,4814.92,333.79
DJIA,7/1/29,4957.51,347.7
DJIA,8/1/29,5422.75,380.33
DJIA,9/1/29,4896.91,343.45
DJIA,10/1/29,3899.71,273.51
DJIA,11/1/29,3406.95,238.95
DJIA,12/1/29,3563.45,248.48
DJIA,1/1/30,3853.49,267.14
DJIA,2/1/30,3933.81,271.11
DJIA,3/1/30,4175.63,286.1
DJIA,4/1/30,4051.63,279.23
DJIA,5/1/30,4014.65,275.07
DJIA,6/1/30,3323.12,226.34
DJIA,7/1/30,3476.86,233.99
DJIA,8/1/30,3594.04,240.42
DJIA,9/1/30,3044.61,204.9
DJIA,10/1/30,2740.9,183.35
DJIA,11/1/30,2758.19,183.39
DJIA,12/1/30,2521.53,164.58
DJIA,1/1/31,2599.2,167.55
DJIA,2/1/31,2979.75,189.66
DJIA,3/1/31,2725.36,172.36
DJIA,4/1/31,2406.04,151.19
DJIA,5/1/31,2071.03,128.46
DJIA,6/1/31,2453.19,150.18
DJIA,7/1/31,2211.6,135.39
DJIA,8/1/31,2277.26,139.41
DJIA,9/1/31,1588.65,96.61
DJIA,10/1/31,1745.39,105.43
DJIA,11/1/31,1575.14,93.87
DJIA,12/1/31,1316.12,77.9
DJIA,1/1/32,1314.2,76.19
DJIA,2/1/32,1424.71,81.44
DJIA,3/1/32,1291.12,73.28
DJIA,4/1/32,995.73,56.11
DJIA,5/1/32,805.54,44.74
DJIA,6/1/32,776.99,42.84
DJIA,7/1/32,984.11,54.26
DJIA,8/1/32,1336.71,73.16
DJIA,9/1/32,1317.28,71.56
DJIA,10/1/32,1148,61.9
DJIA,11/1/32,1053.01,56.35
DJIA,12/1/32,1128.42,59.93
DJIA,1/1/33,1164.47,60.9
DJIA,2/1/33,998.1,51.39
DJIA,3/1/33,1084.51,55.4
DJIA,4/1/33,1520.27,77.66
DJIA,5/1/33,1724.84,88.11
DJIA,6/1/33,1906.08,98.14
DJIA,7/1/33,1709.11,90.77
DJIA,8/1/33,1913.74,102.41
DJIA,9/1/33,1771.9,94.82
DJIA,10/1/33,1647.45,88.16
DJIA,11/1/33,1833.94,98.14
DJIA,12/1/33,1866.83,99.9
DJIA,1/1/34,2003.62,107.22
DJIA,2/1/34,1918.77,103.46
DJIA,3/1/34,1888.91,101.85
DJIA,4/1/34,1863.69,100.49
DJIA,5/1/34,1743.32,94
DJIA,6/1/34,1762.01,95.72
DJIA,7/1/34,1620.82,88.05
DJIA,8/1/34,1709.37,92.86
DJIA,9/1/34,1680.03,92.63
DJIA,10/1/34,1705.78,93.36
DJIA,11/1/34,1880.82,102.94
DJIA,12/1/34,1915.17,104.04
DJIA,1/1/35,1844.35,101.69
DJIA,2/1/35,1843.35,102.38
DJIA,3/1/35,1815.08,100.81
DJIA,4/1/35,1956.31,109.45
DJIA,5/1/35,1977.58,110.64
DJIA,6/1/35,2128.37,118.21
DJIA,7/1/35,2272.77,126.23
DJIA,8/1/35,2302.66,127.89
DJIA,9/1/35,2375.22,131.92
DJIA,10/1/35,2516.02,139.74
DJIA,11/1/35,2544.36,142.35
DJIA,12/1/35,2576.18,144.13
DJIA,1/1/36,2671.98,149.49
DJIA,2/1/36,2719.53,152.15
DJIA,3/1/36,2814.9,156.34
DJIA,4/1/36,2622.79,145.67
DJIA,5/1/36,2748.28,152.64
DJIA,6/1/36,2818.55,157.69
DJIA,7/1/36,2925.61,164.86
DJIA,8/1/36,2929.86,166.29
DJIA,9/1/36,2956.82,167.82
DJIA,10/1/36,3121.91,177.19
DJIA,11/1/36,3228.15,183.22
DJIA,12/1/36,3169.66,179.9
DJIA,1/1/37,3249.34,185.74
DJIA,2/1/37,3276.63,187.3
DJIA,3/1/37,3238.13,186.41
DJIA,4/1/37,3005.98,174.27
DJIA,5/1/37,2992.61,174.71
DJIA,6/1/37,2900.28,169.32
DJIA,7/1/37,3157.41,185.61
DJIA,8/1/37,3017.92,177.41
DJIA,9/1/37,2611.46,154.57
DJIA,10/1/37,2334.38,138.17
DJIA,11/1/37,2100.52,123.48
DJIA,12/1/37,2070.04,120.85
DJIA,1/1/38,2117,121.87
DJIA,2/1/38,2267.92,129.64
DJIA,3/1/38,1731.03,98.95
DJIA,4/1/38,1933.04,111.28
DJIA,5/1/38,1884.8,107.74
DJIA,6/1/38,2342.1,133.88
DJIA,7/1/38,2471.03,141.25
DJIA,8/1/38,2436.39,139.27
DJIA,9/1/38,2474.53,141.45
DJIA,10/1/38,2673.33,151.73
DJIA,11/1/38,2639.68,149.82
DJIA,12/1/38,2726.72,154.76
DJIA,1/1/39,2532.91,143.76
DJIA,2/1/39,2613.99,147.3
DJIA,3/1/39,2339.63,131.84
DJIA,4/1/39,2295.92,128.45
DJIA,5/1/39,2469.83,138.18
DJIA,6/1/39,2334.88,130.63
DJIA,7/1/39,2560.63,143.26
DJIA,8/1/39,2402.44,134.41
DJIA,9/1/39,2668.53,152.54
DJIA,10/1/39,2675.97,151.88
DJIA,11/1/39,2566.91,145.69
DJIA,12/1/39,2647.08,150.24
DJIA,1/1/40,2579.03,145.33
DJIA,2/1/40,2581.89,146.54
DJIA,3/1/40,2606.73,147.95
DJIA,4/1/40,2615.19,148.43
DJIA,5/1/40,2047.68,116.22
DJIA,6/1/40,2131.99,121.87
DJIA,7/1/40,2222.46,126.14
DJIA,8/1/40,2280.25,129.42
DJIA,9/1/40,2336.98,132.64
DJIA,10/1/40,2371.69,134.61
DJIA,11/1/40,2308.09,131
DJIA,12/1/40,2293.99,131.13
DJIA,1/1/41,2171.53,124.13
DJIA,2/1/41,2133.74,121.97
DJIA,3/1/41,2131.77,122.72
DJIA,4/1/41,1992.95,115.54
DJIA,5/1/41,1982.85,115.76
DJIA,6/1/41,2066.29,123.14
DJIA,7/1/41,2161.1,128.79
DJIA,8/1/41,2114.07,127.7
DJIA,9/1/41,2071.6,126.82
DJIA,10/1/41,1899.49,117.82
DJIA,11/1/41,1829.62,114.23
DJIA,12/1/41,1765.82,110.96
DJIA,1/1/42,1714.23,109.11
DJIA,2/1/42,1667.21,106.79
DJIA,3/1/42,1534.35,99.53
DJIA,4/1/42,1460.86,95.35
DJIA,5/1/42,1526.62,100.88
DJIA,6/1/42,1563.84,103.34
DJIA,7/1/42,1590.03,105.72
DJIA,8/1/42,1589.53,106.33
DJIA,9/1/42,1631.09,109.11
DJIA,10/1/42,1684.81,114.07
DJIA,11/1/42,1681.09,114.5
DJIA,12/1/42,1742.64,119.4
DJIA,1/1/43,1832.84,125.58
DJIA,2/1/43,1898.96,130.11
DJIA,3/1/43,1958.55,136.57
DJIA,4/1/43,1920.56,135.48
DJIA,5/1/43,2002.34,142.06
DJIA,6/1/43,2020.94,143.38
DJIA,7/1/43,1927.23,135.95
DJIA,8/1/43,1947.93,136.62
DJIA,9/1/43,1986.34,140.12
DJIA,10/1/43,1960.12,138.27
DJIA,11/1/43,1836.78,129.57
DJIA,12/1/43,1926.38,135.89
DJIA,1/1/44,1947.78,137.4
DJIA,2/1/44,1932.19,136.3
DJIA,3/1/44,1968.2,138.84
DJIA,4/1/44,1920.16,136.23
DJIA,5/1/44,2004.87,142.24
DJIA,6/1/44,2079.55,148.38
DJIA,7/1/44,2036.19,146.11
DJIA,8/1/44,2048.45,146.99
DJIA,9/1/44,2044.83,146.73
DJIA,10/1/44,2042.04,146.53
DJIA,11/1/44,2053.19,147.33
DJIA,12/1/44,2110.7,152.32
DJIA,1/1/45,2129.41,153.67
DJIA,2/1/45,2222.66,160.4
DJIA,3/1/45,2139.66,154.41
DJIA,4/1/45,2292.5,165.44
DJIA,5/1/45,2319.17,168.3
DJIA,6/1/45,2252.57,165.29
DJIA,7/1/45,2219.73,162.88
DJIA,8/1/45,2375.22,174.29
DJIA,9/1/45,2476.34,181.71
DJIA,10/1/45,2542.98,186.6
DJIA,11/1/45,2609.22,191.46
DJIA,12/1/45,2614.51,192.91
DJIA,1/1/46,2773.89,204.67
DJIA,2/1/46,2590.55,190.09
DJIA,3/1/46,2692.43,199.75
DJIA,4/1/46,2771.96,206.77
DJIA,5/1/46,2830.33,212.28
DJIA,6/1/46,2712.33,205.62
DJIA,7/1/46,2511.03,201.56
DJIA,8/1/46,2310.2,189.19
DJIA,9/1/46,2084.73,172.42
DJIA,10/1/46,2005.95,169.15
DJIA,11/1/46,1966.28,169.8
DJIA,12/1/46,2033.02,177.2
DJIA,1/1/47,2070.19,180.44
DJIA,2/1/47,2052.52,178.9
DJIA,3/1/47,1995.8,177.2
DJIA,4/1/47,1921.92,170.64
DJIA,5/1/47,1906.26,169.25
DJIA,6/1/47,1987.89,177.3
DJIA,7/1/47,2035.31,183.18
DJIA,8/1/47,1960.73,178.85
DJIA,9/1/47,1903.4,177.49
DJIA,10/1/47,1949.73,181.81
DJIA,11/1/47,1915.63,179.4
DJIA,12/1/47,1909.61,181.16
DJIA,1/1/48,1821.92,175.05
DJIA,2/1/48,1755.98,167.3
DJIA,3/1/48,1867.87,177.2
DJIA,4/1/48,1870.81,180.51
DJIA,5/1/48,1968.63,190.74
DJIA,6/1/48,1939.12,189.46
DJIA,7/1/48,1833.06,181.33
DJIA,8/1/48,1829.46,181.71
DJIA,9/1/48,1795.12,178.3
DJIA,10/1/48,1906.76,188.62
DJIA,11/1/48,1745.04,171.2
DJIA,12/1/48,1814.67,177.3
DJIA,1/1/49,1841,179.12
DJIA,2/1/49,1793.59,173.06
DJIA,3/1/49,1835.46,177.1
DJIA,4/1/49,1797.51,174.16
DJIA,5/1/49,1744.88,168.36
DJIA,6/1/49,1727.94,167.42
DJIA,7/1/49,1830.98,175.92
DJIA,8/1/49,1851.63,178.66
DJIA,9/1/49,1883.69,182.51
DJIA,10/1/49,1972.73,189.54
DJIA,11/1/49,1985.22,191.55
DJIA,12/1/49,2091.76,200.13
DJIA,1/1/50,2117.99,201.79
DJIA,2/1/50,2135.31,203.44
DJIA,3/1/50,2153.63,206.05
DJIA,4/1/50,2240.18,214.33
DJIA,5/1/50,2325.36,223.42
DJIA,6/1/50,2167.22,209.11
DJIA,7/1/50,2143.21,209.4
DJIA,8/1/50,2201.45,216.87
DJIA,9/1/50,2288.27,226.36
DJIA,10/1/50,2256.18,225.01
DJIA,11/1/50,2272.81,227.6
DJIA,12/1/50,2322.79,235.41
DJIA,1/1/51,2416.39,248.83
DJIA,2/1/51,2419.18,252.05
DJIA,3/1/51,2370.55,247.94
DJIA,4/1/51,2477.54,259.13
DJIA,5/1/51,2377.67,249.65
DJIA,6/1/51,2310.9,242.64
DJIA,7/1/51,2455.86,257.86
DJIA,8/1/51,2573.86,270.25
DJIA,9/1/51,2562.73,271.16
DJIA,10/1/51,2470.03,262.35
DJIA,11/1/51,2441.05,261.27
DJIA,12/1/51,2505.99,269.23
DJIA,1/1/52,2519.58,270.69
DJIA,2/1/52,2439.29,260.08
DJIA,3/1/52,2527.27,269.46
DJIA,4/1/52,2407.04,257.63
DJIA,5/1/52,2456.65,262.94
DJIA,6/1/52,2552.81,274.26
DJIA,7/1/52,2582.58,279.56
DJIA,8/1/52,2540.82,275.04
DJIA,9/1/52,2499.9,270.61
DJIA,10/1/52,2487.15,269.23
DJIA,11/1/52,2620.45,283.66
DJIA,12/1/52,2696.57,291.9
DJIA,1/1/53,2687.04,289.77
DJIA,2/1/53,2645.99,284.27
DJIA,3/1/53,2595.23,279.87
DJIA,4/1/53,2547.76,274.75
DJIA,5/1/53,2515.32,272.28
DJIA,6/1/53,2469.07,268.26
DJIA,7/1/53,2534.6,275.38
DJIA,8/1/53,2395.39,261.22
DJIA,9/1/53,2421.25,264.04
DJIA,10/1/53,2519.8,275.81
DJIA,11/1/53,2580.16,281.37
DJIA,12/1/53,2575.85,280.9
DJIA,1/1/54,2681.22,292.39
DJIA,2/1/54,2700.93,294.54
DJIA,3/1/54,2783.19,303.51
DJIA,4/1/54,2939.11,319.33
DJIA,5/1/54,3003.08,327.49
DJIA,6/1/54,3058.47,333.53
DJIA,7/1/54,3190.43,347.92
DJIA,8/1/54,3079.29,335.8
DJIA,9/1/54,3317.67,360.46
DJIA,10/1/54,3241.1,352.14
DJIA,11/1/54,3559.83,386.77
DJIA,12/1/54,3735.75,404.39
DJIA,1/1/55,3776.77,408.83
DJIA,2/1/55,3804.86,411.87
DJIA,3/1/55,3784.81,409.7
DJIA,4/1/55,3932.15,425.65
DJIA,5/1/55,3924.86,424.86
DJIA,6/1/55,4169.85,451.38
DJIA,7/1/55,4287.68,465.85
DJIA,8/1/55,4309.13,468.18
DJIA,9/1/55,4278.91,466.62
DJIA,10/1/55,4171.16,454.87
DJIA,11/1/55,4431.49,483.26
DJIA,12/1/55,4495.23,488.4
DJIA,1/1/56,4332.69,470.74
DJIA,2/1/56,4451.51,483.65
DJIA,3/1/56,4710.52,511.79
DJIA,4/1/56,4732.82,516.12
DJIA,5/1/56,4367.46,478.05
DJIA,6/1/56,4468.53,492.78
DJIA,7/1/56,4661.33,517.81
DJIA,8/1/56,4535.93,502.04
DJIA,9/1/56,4278.2,475.25
DJIA,10/1/56,4304.25,479.85
DJIA,11/1/56,4240.84,472.78
DJIA,12/1/56,4463.76,499.47
DJIA,1/1/57,4282.25,479.16
DJIA,2/1/57,4137.44,464.62
DJIA,3/1/57,4212.99,474.81
DJIA,4/1/57,4370.64,494.36
DJIA,5/1/57,4447.93,504.93
DJIA,6/1/57,4417.88,503.29
DJIA,7/1/57,4432.26,508.52
DJIA,8/1/57,4221.59,484.35
DJIA,9/1/57,3977.11,456.3
DJIA,10/1/57,3844.1,441.04
DJIA,11/1/57,3907.12,449.87
DJIA,12/1/57,3783.97,435.69
DJIA,1/1/58,3881.42,450.02
DJIA,2/1/58,3794.31,439.92
DJIA,3/1/58,3826.5,446.76
DJIA,4/1/58,3890.77,455.86
DJIA,5/1/58,3949.14,462.7
DJIA,6/1/58,4081.27,478.18
DJIA,7/1/58,4278.43,502.99
DJIA,8/1/58,4341.16,508.63
DJIA,9/1/58,4541.39,532.09
DJIA,10/1/58,4636.38,543.22
DJIA,11/1/58,4741.75,557.46
DJIA,12/1/58,4981.45,583.65
DJIA,1/1/59,5052.22,593.96
DJIA,2/1/59,5150.87,603.5
DJIA,3/1/59,5135.59,601.71
DJIA,4/1/59,5305.62,623.75
DJIA,5/1/59,5476.08,643.79
DJIA,6/1/59,5455.15,643.6
DJIA,7/1/59,5700.71,674.88
DJIA,8/1/59,5612.27,664.41
DJIA,9/1/59,5318.11,631.68
DJIA,10/1/59,5424.97,646.6
DJIA,11/1/59,5530.52,659.18
DJIA,12/1/59,5699.83,679.36
DJIA,1/1/60,5241.84,622.62
DJIA,2/1/60,5286.71,630.12
DJIA,3/1/60,5173.19,616.59
DJIA,4/1/60,5030.81,601.7
DJIA,5/1/60,5229.81,625.5
DJIA,6/1/60,5338.29,640.62
DJIA,7/1/60,5139.21,616.73
DJIA,8/1/60,5216.37,625.99
DJIA,9/1/60,4834.31,580.14
DJIA,10/1/60,4803.64,580.36
DJIA,11/1/60,4943.19,597.22
DJIA,12/1/60,5097.72,615.89
DJIA,1/1/61,5365.15,648.2
DJIA,2/1/61,5480.04,662.08
DJIA,3/1/61,5600.47,676.63
DJIA,4/1/61,5617.68,678.71
DJIA,5/1/61,5766.75,696.72
DJIA,6/1/61,5661.14,683.96
DJIA,7/1/61,5799.55,705.37
DJIA,8/1/61,5939.51,719.94
DJIA,9/1/61,5765.35,701.21
DJIA,10/1/61,5787.63,703.92
DJIA,11/1/61,5933,721.6
DJIA,12/1/61,6011.43,731.14
DJIA,1/1/62,5755.4,700
DJIA,2/1/62,5802.47,708.05
DJIA,3/1/62,5793.46,706.95
DJIA,4/1/62,5434.42,665.33
DJIA,5/1/62,5009.92,613.36
DJIA,6/1/62,4584.54,561.28
DJIA,7/1/62,4867.75,597.93
DJIA,8/1/62,4959.33,609.18
DJIA,9/1/62,4697.84,578.98
DJIA,10/1/62,4785.39,589.77
DJIA,11/1/62,5268.42,649.3
DJIA,12/1/62,5291.14,652.1
DJIA,1/1/63,5540.64,682.85
DJIA,2/1/63,5379.1,662.94
DJIA,3/1/63,5519.54,682.52
DJIA,4/1/63,5804.04,717.7
DJIA,5/1/63,5878.93,726.96
DJIA,6/1/63,5698.16,706.88
DJIA,7/1/63,5587.78,695.43
DJIA,8/1/63,5860.09,729.32
DJIA,9/1/63,5887.97,732.79
DJIA,10/1/63,6048.64,755.23
DJIA,11/1/63,6010.91,750.52
DJIA,12/1/63,6090.63,762.95
DJIA,1/1/64,6269.37,785.34
DJIA,2/1/64,6387.52,800.14
DJIA,3/1/64,6492.49,813.29
DJIA,4/1/64,6472.38,810.77
DJIA,5/1/64,6550.53,820.56
DJIA,6/1/64,6616.25,831.5
DJIA,7/1/64,6670.76,841.1
DJIA,8/1/64,6671.79,838.48
DJIA,9/1/64,6942.56,875.37
DJIA,10/1/64,6924.4,873.08
DJIA,11/1/64,6921.15,875.43
DJIA,12/1/64,6910.87,874.13
DJIA,1/1/65,7138.01,902.86
DJIA,2/1/65,7142.91,903.48
DJIA,3/1/65,7006.6,889.05
DJIA,4/1/65,7245.67,922.31
DJIA,5/1/65,7212.12,918.04
DJIA,6/1/65,6775.84,868.03
DJIA,7/1/65,6882.86,881.74
DJIA,8/1/65,6971.54,893.1
DJIA,9/1/65,7264.11,930.58
DJIA,10/1/65,7476.14,960.82
DJIA,11/1/65,7366.35,946.71
DJIA,12/1/65,7518.55,969.26
DJIA,1/1/66,7629.09,983.51
DJIA,2/1/66,7337.17,951.89
DJIA,3/1/66,7105.93,924.77
DJIA,4/1/66,7130.51,933.68
DJIA,5/1/66,6751.64,884.07
DJIA,6/1/66,6624.07,870.1
DJIA,7/1/66,6431.61,847.38
DJIA,8/1/66,5946.98,788.41
DJIA,9/1/66,5839.94,774.22
DJIA,10/1/66,6050.6,807.07
DJIA,11/1/66,5934.55,791.59
DJIA,12/1/66,5890.32,785.69
DJIA,1/1/67,6371.63,849.89
DJIA,2/1/67,6292.76,839.37
DJIA,3/1/67,6473.2,865.98
DJIA,4/1/67,6684.82,897.05
DJIA,5/1/67,6334.52,852.56
DJIA,6/1/67,6371.95,860.26
DJIA,7/1/67,6677.81,904.24
DJIA,8/1/67,6636.2,901.29
DJIA,9/1/67,6802.61,926.66
DJIA,10/1/67,6438.82,879.74
DJIA,11/1/67,6391.66,875.81
DJIA,12/1/67,6585.58,905.11
DJIA,1/1/68,6188.47,855.47
DJIA,2/1/68,6061.69,840.5
DJIA,3/1/68,6045.26,840.67
DJIA,4/1/68,6540.62,912.22
DJIA,5/1/68,6427.85,899
DJIA,6/1/68,6381.56,897.8
DJIA,7/1/68,6241.04,883
DJIA,8/1/68,6315.08,896.01
DJIA,9/1/68,6575.8,935.79
DJIA,10/1/68,6655.3,952.39
DJIA,11/1/68,6864.04,985.08
DJIA,12/1/68,6557.18,943.75
DJIA,1/1/69,6555.18,946.05
DJIA,2/1/69,6236.9,905.21
DJIA,3/1/69,6392.13,935.48
DJIA,4/1/69,6456.47,950.18
DJIA,5/1/69,6352.91,937.56
DJIA,6/1/69,5884.43,873.19
DJIA,7/1/69,5466.1,815.47
DJIA,8/1/69,5578.41,836.72
DJIA,9/1/69,5406.24,813.09
DJIA,10/1/69,5660.66,855.99
DJIA,11/1/69,5343.31,812.3
DJIA,12/1/69,5236.76,800.36
DJIA,1/1/70,4854.99,744.06
DJIA,2/1/70,5047.34,777.59
DJIA,3/1/70,5072.43,785.57
DJIA,4/1/70,4716,736.07
DJIA,5/1/70,4475.81,700.44
DJIA,6/1/70,4345.2,683.53
DJIA,7/1/70,4643.31,734.12
DJIA,8/1/70,4835.97,764.58
DJIA,9/1/70,4786.2,760.68
DJIA,10/1/70,4730.12,755.61
DJIA,11/1/70,4946.39,794.09
DJIA,12/1/70,5199.63,838.92
DJIA,1/1/71,5382.96,868.5
DJIA,2/1/71,5432.93,878.83
DJIA,3/1/71,5577.25,904.37
DJIA,4/1/71,5792.7,941.75
DJIA,5/1/71,5556.71,907.81
DJIA,6/1/71,5413.68,891.14
DJIA,7/1/71,5202.94,858.43
DJIA,8/1/71,5429.73,898.07
DJIA,9/1/71,5363.95,887.19
DJIA,10/1/71,5060.01,839
DJIA,11/1/71,5013.81,831.34
DJIA,12/1/71,5342.98,890.2
DJIA,1/1/72,5414.82,902.17
DJIA,2/1/72,5542.79,928.13
DJIA,3/1/72,5604.69,940.7
DJIA,4/1/72,5671.59,954.17
DJIA,5/1/72,5696.11,960.72
DJIA,6/1/72,5495.21,929.03
DJIA,7/1/72,5443.94,924.74
DJIA,8/1/72,5659.99,963.73
DJIA,9/1/72,5585.21,953.27
DJIA,10/1/72,5571.64,955.52
DJIA,11/1/72,5923.95,1018.21
DJIA,12/1/72,5920.2,1020.02
DJIA,1/1/73,5784.33,999.02
DJIA,2/1/73,5491.65,955.07
DJIA,3/1/73,5417.9,951.01
DJIA,4/1/73,5212.53,921.43
DJIA,5/1/73,5065.02,901.41
DJIA,6/1/73,4976.63,891.71
DJIA,7/1/73,5158.2,926.4
DJIA,8/1/73,4854.12,887.57
DJIA,9/1/73,5168.32,947.1
DJIA,10/1/73,5174.14,956.58
DJIA,11/1/73,4418.77,822.25
DJIA,12/1/73,4542.74,850.86
DJIA,1/1/74,4528.43,855.55
DJIA,2/1/74,4497.13,860.53
DJIA,3/1/74,4368.87,846.68
DJIA,4/1/74,4300.06,836.75
DJIA,5/1/74,4071.01,802.17
DJIA,6/1/74,4039.33,802.41
DJIA,7/1/74,3781.85,757.43
DJIA,8/1/74,3347.44,678.58
DJIA,9/1/74,2963.37,607.87
DJIA,10/1/74,3212.47,665.52
DJIA,11/1/74,2963.38,618.66
DJIA,12/1/74,2928.99,616.24
DJIA,1/1/75,3331.27,703.69
DJIA,2/1/75,3472.06,739.05
DJIA,3/1/75,3595.71,768.15
DJIA,4/1/75,3829.91,821.34
DJIA,5/1/75,3859.33,832.29
DJIA,6/1/75,4045.11,878.99
DJIA,7/1/75,3784.2,831.51
DJIA,8/1/75,3794.95,835.34
DJIA,9/1/75,3586.75,793.88
DJIA,10/1/75,3756.33,836.04
DJIA,11/1/75,3838.59,860.67
DJIA,12/1/75,3788.11,852.41
DJIA,1/1/76,4326.34,975.28
DJIA,2/1/76,4298.94,972.61
DJIA,3/1/76,4410.57,999.45
DJIA,4/1/76,4383.15,996.85
DJIA,5/1/76,4257.85,975.23
DJIA,6/1/76,4355.07,1002.78
DJIA,7/1/76,4253.64,984.64
DJIA,8/1/76,4184.16,973.74
DJIA,9/1/76,4239.99,990.19
DJIA,10/1/76,4110.6,964.93
DJIA,11/1/76,4028.53,947.22
DJIA,12/1/76,4257.71,1004.65
DJIA,1/1/77,4023.62,954.37
DJIA,2/1/77,3908.62,936.42
DJIA,3/1/77,3810.71,919.13
DJIA,4/1/77,3810.49,926.9
DJIA,5/1/77,3676.42,898.66
DJIA,6/1/77,3723.84,916.3
DJIA,7/1/77,3599.44,890.07
DJIA,8/1/77,3471.8,861.49
DJIA,9/1/77,3402.84,847.11
DJIA,10/1/77,3276.67,818.35
DJIA,11/1/77,3306.35,829.7
DJIA,12/1/77,3301.41,831.17
DJIA,1/1/78,3038.87,769.92
DJIA,2/1/78,2910.59,742.12
DJIA,3/1/78,2946.89,757.36
DJIA,4/1/78,3232.06,837.32
DJIA,5/1/78,3214.49,840.61
DJIA,6/1/78,3098.09,818.95
DJIA,7/1/78,3236.96,862.27
DJIA,8/1/78,3276.68,876.82
DJIA,9/1/78,3211.33,865.82
DJIA,10/1/78,2913.05,792.45
DJIA,11/1/78,2924.45,799.03
DJIA,12/1/78,2932.65,805.01
DJIA,1/1/79,3030.42,839.22
DJIA,2/1/79,2887.49,808.82
DJIA,3/1/79,3046.94,862.18
DJIA,4/1/79,2987.02,854.9
DJIA,5/1/79,2837.04,822.33
DJIA,6/1/79,2872.84,841.98
DJIA,7/1/79,2855.82,846.42
DJIA,8/1/79,2966.46,887.63
DJIA,9/1/79,2904.59,878.58
DJIA,10/1/79,2675.5,815.7
DJIA,11/1/79,2672.64,822.35
DJIA,12/1/79,2697.39,838.74
DJIA,1/1/80,2776.44,875.85
DJIA,2/1/80,2698.18,863.14
DJIA,3/1/80,2419.32,785.75
DJIA,4/1/80,2487.95,817.06
DJIA,5/1/80,2565.31,850.85
DJIA,6/1/80,2589.01,867.92
DJIA,7/1/80,2790.06,935.32
DJIA,8/1/80,2761.4,932.59
DJIA,9/1/80,2737.59,932.42
DJIA,10/1/80,2689.34,924.49
DJIA,11/1/80,2865.79,993.34
DJIA,12/1/80,2755.08,963.99
DJIA,1/1/81,2685.51,947.27
DJIA,2/1/81,2734.67,974.58
DJIA,3/1/81,2797.79,1003.87
DJIA,4/1/81,2761.77,997.75
DJIA,5/1/81,2724.34,991.75
DJIA,6/1/81,2660.04,976.88
DJIA,7/1/81,2564.65,952.34
DJIA,8/1/81,2355.29,881.47
DJIA,9/1/81,2249.9,849.98
DJIA,10/1/81,2251.58,852.55
DJIA,11/1/81,2339.8,888.98
DJIA,12/1/81,2296,875
DJIA,1/1/82,2278.8,871.1
DJIA,2/1/82,2149.18,824.39
DJIA,3/1/82,2147.43,822.77
DJIA,4/1/82,2204.89,848.36
DJIA,5/1/82,2110.32,819.54
DJIA,6/1/82,2064.74,811.93
DJIA,7/1/82,2045.76,808.6
DJIA,8/1/82,2275.81,901.31
DJIA,9/1/82,2258.55,896.25
DJIA,10/1/82,2491.2,991.72
DJIA,11/1/82,2615.87,1039.28
DJIA,12/1/82,2644.61,1046.54
DJIA,1/1/83,2712.92,1075.7
DJIA,2/1/83,2803.8,1112.62
DJIA,3/1/83,2847.68,1130.03
DJIA,4/1/83,3067.95,1226.2
DJIA,5/1/83,2984.35,1199.98
DJIA,6/1/83,3029.24,1221.96
DJIA,7/1/83,2960.87,1199.22
DJIA,8/1/83,2994.19,1216.16
DJIA,9/1/83,3019.94,1233.13
DJIA,10/1/83,2991.94,1225.2
DJIA,11/1/83,3109.66,1276.02
DJIA,12/1/83,3064.79,1258.64
DJIA,1/1/84,2955.02,1220.58
DJIA,2/1/84,2781.5,1154.63
DJIA,3/1/84,2800.4,1164.89
DJIA,4/1/84,2800.43,1170.75
DJIA,5/1/84,2636.17,1104.85
DJIA,6/1/84,2693.98,1132.4
DJIA,7/1/84,2642.1,1115.28
DJIA,8/1/84,2889.54,1224.38
DJIA,9/1/84,2834.56,1206.71
DJIA,10/1/84,2827.68,1207.38
DJIA,11/1/84,2784.5,1188.94
DJIA,12/1/84,2837.5,1211.57
DJIA,1/1/85,3008.47,1286.77
DJIA,2/1/85,2987.89,1284.01
DJIA,3/1/85,2936.4,1266.78
DJIA,4/1/85,2902.34,1258.06
DJIA,5/1/85,3024.13,1315.41
DJIA,6/1/85,3060.87,1335.46
DJIA,7/1/85,3082.97,1347.45
DJIA,8/1/85,3046.88,1334.01
DJIA,9/1/85,3026.62,1328.63
DJIA,10/1/85,3118.31,1374.31
DJIA,11/1/85,3331.43,1472.13
DJIA,12/1/85,3490.83,1546.67
DJIA,1/1/86,3536.3,1570.99
DJIA,2/1/86,3857.35,1709.06
DJIA,3/1/86,4122.79,1818.61
DJIA,4/1/86,4051.42,1783.98
DJIA,5/1/86,4250.75,1876.71
DJIA,6/1/86,4264.3,1892.72
DJIA,7/1/86,3999.77,1775.31
DJIA,8/1/86,4269.37,1898.34
DJIA,9/1/86,3955.84,1767.58
DJIA,10/1/86,4198.56,1877.71
DJIA,11/1/86,4276.39,1914.23
DJIA,12/1/86,4231.76,1895.95
DJIA,1/1/87,4786.53,2158.04
DJIA,2/1/87,4915.02,2223.99
DJIA,3/1/87,5070.32,2304.69
DJIA,4/1/87,5004.84,2286.36
DJIA,5/1/87,4997.91,2291.57
DJIA,6/1/87,5255.47,2418.53
DJIA,7/1/87,5576.25,2572.07
DJIA,8/1/87,5741.32,2662.95
DJIA,9/1/87,5569.02,2596.28
DJIA,10/1/87,4264.16,1993.53
DJIA,11/1/87,3918.3,1833.55
DJIA,12/1/87,4143.28,1938.83
DJIA,1/1/88,4174.93,1958.22
DJIA,2/1/88,4404.26,2071.62
DJIA,3/1/88,4208.72,1988.06
DJIA,4/1/88,4280.09,2032.33
DJIA,5/1/88,4263.32,2031.12
DJIA,6/1/88,4476.17,2141.71
DJIA,7/1/88,4432.02,2128.73
DJIA,8/1/88,4211.61,2031.65
DJIA,9/1/88,4350.48,2112.91
DJIA,10/1/88,4409.03,2148.65
DJIA,11/1/88,4334.75,2114.51
DJIA,12/1/88,4439.06,2168.57
DJIA,1/1/89,4771.31,2342.32
DJIA,2/1/89,4580.01,2258.39
DJIA,3/1/89,4626.23,2293.62
DJIA,4/1/89,4847.28,2418.8
DJIA,5/1/89,4940.46,2480.15
DJIA,6/1/89,4850.84,2440.06
DJIA,7/1/89,5276.09,2660.66
DJIA,8/1/89,5419.79,2737.27
DJIA,9/1/89,5312.93,2692.82
DJIA,10/1/89,5194.94,2645.08
DJIA,11/1/89,5301.58,2706.27
DJIA,12/1/89,5385.26,2753.2
DJIA,1/1/90,5015.29,2590.54
DJIA,2/1/90,5062.71,2627.25
DJIA,3/1/90,5189.72,2707.21
DJIA,4/1/90,5085.04,2656.76
DJIA,5/1/90,5491.54,2876.66
DJIA,6/1/90,5470.43,2880.69
DJIA,7/1/90,5496.64,2905.2
DJIA,8/1/90,4899.31,2614.36
DJIA,9/1/90,4559.16,2452.48
DJIA,10/1/90,4513.43,2442.33
DJIA,11/1/90,4719.99,2559.65
DJIA,12/1/90,4856.47,2633.66
DJIA,1/1/91,5015.8,2736.39
DJIA,2/1/91,5274.39,2882.18
DJIA,3/1/91,5323.62,2913.86
DJIA,4/1/91,5267.47,2887.87
DJIA,5/1/91,5507.02,3027.5
DJIA,6/1/91,5272.84,2906.75
DJIA,7/1/91,5477.95,3024.82
DJIA,8/1/91,5496.74,3043.6
DJIA,9/1/91,5424.15,3016.77
DJIA,10/1/91,5509.03,3069.1
DJIA,11/1/91,5181.48,2894.68
DJIA,12/1/91,5669.04,3168.83
DJIA,1/1/92,5756.99,3223.4
DJIA,2/1/92,5816.51,3267.7
DJIA,3/1/92,5730.07,3235.5
DJIA,4/1/92,5938.89,3359.1
DJIA,5/1/92,5998.93,3396.9
DJIA,6/1/92,5837.24,3318.5
DJIA,7/1/92,5959.51,3393.8
DJIA,8/1/92,5703.71,3257.4
DJIA,9/1/92,5712.39,3271.7
DJIA,10/1/92,5613.76,3226.3
DJIA,11/1/92,5741.13,3305.2
DJIA,12/1/92,5737.33,3301.11
DJIA,1/1/93,5726.3,3310
DJIA,2/1/93,5811.28,3370.81
DJIA,3/1/93,5901.52,3435.11
DJIA,4/1/93,5871.39,3427.55
DJIA,5/1/93,6035.43,3527.43
DJIA,6/1/93,6005.46,3516.08
DJIA,7/1/93,6045.41,3539.47
DJIA,8/1/93,6218.08,3651.25
DJIA,9/1/93,6043.7,3555.12
DJIA,10/1/93,6231.24,3680.59
DJIA,11/1/93,6233.24,3683.95
DJIA,12/1/93,6351.92,3754.09
DJIA,1/1/94,6711.49,3978.36
DJIA,2/1/94,6441.63,3832.02
DJIA,3/1/94,6093.87,3635.96
DJIA,4/1/94,6159.47,3681.69
DJIA,5/1/94,6283.99,3758.37
DJIA,6/1/94,6042.81,3624.96
DJIA,7/1/94,6256.6,3764.5
DJIA,8/1/94,6476.71,3913.42
DJIA,9/1/94,6345.11,3843.19
DJIA,10/1/94,6448.4,3908.12
DJIA,11/1/94,6162.25,3739.23
DJIA,12/1/94,6319.16,3834.44
DJIA,1/1/95,6307.77,3843.86
DJIA,2/1/95,6558.07,4011.05
DJIA,3/1/95,6772.88,4157.69
DJIA,4/1/95,7017.74,4321.27
DJIA,5/1/95,7237.99,4465.14
DJIA,6/1/95,7367.21,4556.1
DJIA,7/1/95,7613.6,4708.47
DJIA,8/1/95,7436.83,4610.56
DJIA,9/1/95,7710.42,4789.08
DJIA,10/1/95,7632.55,4755.48
DJIA,11/1/95,8149.63,5074.49
DJIA,12/1/95,8223.21,5117.12
DJIA,1/1/96,8621.69,5395.3
DJIA,2/1/96,8733.11,5485.62
DJIA,3/1/96,8850.03,5587.14
DJIA,4/1/96,8788.01,5569.08
DJIA,5/1/96,8888.01,5643.18
DJIA,6/1/96,8900.39,5654.63
DJIA,7/1/96,8685.92,5528.91
DJIA,8/1/96,8806.22,5616.21
DJIA,9/1/96,9193.83,5882.17
DJIA,10/1/96,9393.77,6029.38
DJIA,11/1/96,10141.24,6521.7
DJIA,12/1/96,10027.06,6448.27
DJIA,1/1/97,10560.29,6813.09
DJIA,2/1/97,10632.99,6877.74
DJIA,3/1/97,10151.73,6583.48
DJIA,4/1/97,10793.86,7009
DJIA,5/1/97,11297.07,7331
DJIA,6/1/97,11808.44,7672.8
DJIA,7/1/97,12638.14,8222.6
DJIA,8/1/97,11692.76,7622.4
DJIA,9/1/97,12156.31,7945.3
DJIA,10/1/97,11356.64,7442.1
DJIA,11/1/97,11945.87,7823.1
DJIA,12/1/97,12091.79,7908.3
DJIA,1/1/98,12065.32,7906.5
DJIA,2/1/98,13023.68,8545.72
DJIA,3/1/98,13384.51,8799.81
DJIA,4/1/98,13758.2,9063.37
DJIA,5/1/98,13483.42,8899.95
DJIA,6/1/98,13544.41,8952.02
DJIA,7/1/98,13422.65,8883.29
DJIA,8/1/98,11384,7539.07
DJIA,9/1/98,11826.67,7842.62
DJIA,10/1/98,12922.52,8592.1
DJIA,11/1/98,13711.29,9116.55
DJIA,12/1/98,13818.05,9181.43
DJIA,1/1/99,14047.6,9358.83
DJIA,2/1/99,13950.56,9306.58
DJIA,3/1/99,14630.31,9786.16
DJIA,4/1/99,16010.94,10789.04
DJIA,5/1/99,15670.65,10559.74
DJIA,6/1/99,16280.67,10970.8
DJIA,7/1/99,15769.62,10655.15
DJIA,8/1/99,15984.02,10829.28
DJIA,9/1/99,15184.98,10336.95
DJIA,10/1/99,15729.97,10729.86
DJIA,11/1/99,15946.87,10877.81
DJIA,12/1/99,16854.78,11497.12
DJIA,1/1/00,15984.11,10940.53
DJIA,2/1/00,14716.43,10128.31
DJIA,3/1/00,15738.49,10921.92
DJIA,4/1/00,15456.83,10733.91
DJIA,5/1/00,15131.11,10522.33
DJIA,6/1/00,14950.93,10447.89
DJIA,7/1/00,15014.87,10521.98
DJIA,8/1/00,16003.95,11215.1
DJIA,9/1/00,15124.31,10650.92
DJIA,10/1/00,15557.08,10971.14
DJIA,11/1/00,14757.33,10414.49
DJIA,12/1/00,15297.37,10787.99
DJIA,1/1/01,15340.29,10887.36
DJIA,2/1/01,14724.88,10495.28
DJIA,3/1/01,13830.29,9878.78
DJIA,4/1/01,14964.55,10734.97
DJIA,5/1/01,15145.77,10911.94
DJIA,6/1/01,14556.33,10502.4
DJIA,7/1/01,14626.71,10522.81
DJIA,8/1/01,13830.15,9949.75
DJIA,9/1/01,12236.18,8847.56
DJIA,10/1/01,12596.29,9075.14
DJIA,11/1/01,13693.67,9851.56
DJIA,12/1/01,13990.11,10021.57
DJIA,1/1/02,13818.56,9920
DJIA,2/1/02,14017.2,10106.13
DJIA,3/1/02,14357.44,10403.94
DJIA,4/1/02,13646.21,9946.22
DJIA,5/1/02,13617.44,9925.25
DJIA,6/1/02,12672.51,9243.26
DJIA,7/1/02,11969.13,8736.59
DJIA,8/1/02,11825.68,8663.5
DJIA,9/1/02,10347.8,7591.93
DJIA,10/1/02,11428.36,8397.03
DJIA,11/1/02,12107.58,8896.09
DJIA,12/1/02,11377.98,8341.63
DJIA,1/1/03,10937.07,8053.81
DJIA,2/1/03,10629.28,7891.08
DJIA,3/1/03,10701.46,7992.13
DJIA,4/1/03,11380.28,8480.09
DJIA,5/1/03,11894.75,8850.26
DJIA,6/1/03,12067.45,8985.44
DJIA,7/1/03,12382.53,9233.8
DJIA,8/1/03,12579.54,9415.82
DJIA,9/1/03,12354.38,9275.06
DJIA,10/1/03,13064.89,9801.12
DJIA,11/1/03,13079.15,9782.46
DJIA,12/1/03,13987.34,10453.92
DJIA,1/1/04,13970.11,10488.07
DJIA,2/1/04,14023.69,10583.92
DJIA,3/1/04,13630.73,10357.7
DJIA,4/1/04,13415.95,10225.57
DJIA,5/1/04,13285.74,10188.45
DJIA,6/1/04,13566.12,10435.48
DJIA,7/1/04,13201.9,10139.71
DJIA,8/1/04,13246.44,10173.92
DJIA,9/1/04,13094.27,10080.27
DJIA,10/1/04,12955.49,10027.47
DJIA,11/1/04,13462.57,10428.02
DJIA,12/1/04,13974.78,10783.01
DJIA,1/1/05,13563.49,10489.94
DJIA,2/1/05,13845.37,10766.23
DJIA,3/1/05,13402.8,10503.76
DJIA,4/1/05,12924.1,10192.51
DJIA,5/1/05,13283.23,10467.48
DJIA,6/1/05,13028.66,10274.97
DJIA,7/1/05,13428.83,10640.91
DJIA,8/1/05,13164.89,10481.6
DJIA,9/1/05,13115.76,10568.7
DJIA,10/1/05,12924.81,10440.07
DJIA,11/1/05,13485.73,10805.87
DJIA,12/1/05,13429.03,10717.5
DJIA,1/1/06,13515.89,10864.86
DJIA,2/1/06,13642.82,10993.41
DJIA,3/1/06,13720.01,11109.32
DJIA,4/1/06,13913.38,11367.14
DJIA,5/1/06,13603,11168.31
DJIA,6/1/06,13558.67,11150.22
DJIA,7/1/06,13557.04,11185.68
DJIA,8/1/06,13771.19,11381.15
DJIA,9/1/06,14201.75,11679.07
DJIA,10/1/06,14762.65,12080.73
DJIA,11/1/06,14959.64,12221.93
DJIA,12/1/06,15229.97,12463.15
DJIA,1/1/07,15385.84,12621.69
DJIA,2/1/07,14869.58,12268.63
DJIA,3/1/07,14837.57,12354.35
DJIA,4/1/07,15584.05,13062.91
DJIA,5/1/07,16162.38,13627.64
DJIA,6/1/07,15875.81,13408.62
DJIA,7/1/07,15643,13211.99
DJIA,8/1/07,15842.28,13357.74
DJIA,9/1/07,16438.53,13895.63
DJIA,10/1/07,16451.34,13930.01
DJIA,11/1/07,15698.4,13371.72
DJIA,12/1/07,15572.9,13264.82
DJIA,1/1/08,14788.27,12650.36
DJIA,2/1/08,14290.34,12266.39
DJIA,3/1/08,14163.64,12262.89
DJIA,4/1/08,14717.51,12820.13
DJIA,5/1/08,14395.05,12638.32
DJIA,6/1/08,12791.46,11350.01
DJIA,7/1/08,12754.76,11378.02
DJIA,8/1/08,12998.5,11543.96
DJIA,9/1/08,12228.69,10850.66
DJIA,10/1/08,10621.19,9325.01
DJIA,11/1/08,10250.52,8829.04
DJIA,12/1/08,10294.71,8776.39
DJIA,1/1/09,9345,8000.86
DJIA,2/1/09,8207.12,7062.93
DJIA,3/1/09,8826.35,7608.92
DJIA,4/1/09,9450.51,8168.12
DJIA,5/1/09,9800.88,8500.33
DJIA,6/1/09,9663.37,8447
DJIA,7/1/09,10501.49,9171.61
DJIA,8/1/09,10854.25,9496.28
DJIA,9/1/09,11091.42,9712.28
DJIA,10/1/09,11082.22,9712.73
DJIA,11/1/09,11793.12,10344.84
DJIA,12/1/09,11908.83,10428.05
DJIA,1/1/10,11456.62,10067.33
DJIA,2/1/10,11750.15,10325.26
DJIA,3/1/10,12300.56,10856.63
DJIA,4/1/10,12450.74,11008.61
DJIA,5/1/10,11464.53,10136.63
DJIA,6/1/10,11064.19,9774.02
DJIA,7/1/10,11836.98,10465.94
DJIA,8/1/10,11316.63,10014.72
DJIA,9/1/10,12179.71,10788.05
DJIA,10/1/10,12541.66,11118.49
DJIA,11/1/10,12403.78,11006.02
DJIA,12/1/10,13024.7,11577.51
DJIA,1/1/11,13318.96,11891.93
DJIA,2/1/11,13632.37,12226.34
DJIA,3/1/11,13600.98,12319.73
DJIA,4/1/11,14053.16,12810.54
DJIA,5/1/11,13726.21,12569.79
DJIA,6/1/11,13568.87,12414.34
DJIA,7/1/11,13260.42,12143.24
DJIA,8/1/11,12647.13,11613.53
DJIA,9/1/11,11862.84,10913.38
DJIA,10/1/11,13019.01,11955.01
DJIA,11/1/11,13129.79,12045.68
DJIA,12/1/11,13353.79,12217.56
DJIA,1/1/12,13744.61,12632.91
DJIA,2/1/12,14027.09,12952.07
DJIA,3/1/12,14202.94,13212.04
DJIA,4/1/12,14165.01,13213.63
DJIA,5/1/12,13298.17,12393.45
DJIA,6/1/12,13846.1,12880.09
DJIA,7/1/12,14010.35,13008.68
DJIA,8/1/12,14020.29,13090.84
DJIA,9/1/12,14323.98,13437.13
DJIA,10/1/12,13960.83,13096.46
DJIA,11/1/12,13950.4,13025.58
DJIA,12/1/12,14073.85,13104.14
DJIA,1/1/13,14844.68,13860.58
DJIA,2/1/13,14925.87,14054.49
DJIA,3/1/13,15453.25,14578.54
DJIA,4/1/13,15745.03,14839.8
DJIA,5/1/13,16007.39,15115.57
DJIA,6/1/13,15744.54,14909.6
DJIA,7/1/13,16367.51,15499.54
DJIA,8/1/13,15624.88,14810.31
DJIA,9/1/13,15931.54,15129.67
DJIA,10/1/13,16416.31,15545.75
DJIA,11/1/13,17019.42,16086.41
DJIA,12/1/13,17538.11,16576.66
DJIA,1/1/14,16546.59,15698.85
DJIA,2/1/14,17154.12,16321.71
DJIA,3/1/14,17181.8,16457.66
DJIA,4/1/14,17244.07,16580.84
DJIA,5/1/14,17335.71,16717.17
DJIA,6/1/14,17415.53,16826.6
DJIA,7/1/14,17143.02,16563.3
DJIA,8/1/14,17731.09,17098.45
DJIA,9/1/14,17656.44,17042.9
DJIA,10/1/14,18068.75,17390.52
DJIA,11/1/14,18630.51,17828.24
DJIA,12/1/14,18714.22,17823.07
DJIA,1/1/15,18109.02,17164.95
DJIA,2/1/15,19057.47,18132.7
DJIA,3/1/15,18576.05,17776.12
DJIA,4/1/15,18607.66,17840.52
DJIA,5/1/15,18677.08,18010.68
DJIA,6/1/15,18218.57,17619.51
DJIA,7/1/15,18291.32,17689.86
DJIA,8/1/15,17106.51,16528.03
DJIA,9/1/15,16887.23,16284.7
DJIA,10/1/15,18317.09,17663.54
DJIA,11/1/15,18411,17719.92
DJIA,12/1/15,18174.31,17425.03
DJIA,1/1/16,17141.42,16466.3
DJIA,2/1/16,17177.16,16516.5
DJIA,3/1/16,18321.75,17685.09
DJIA,4/1/16,18324.62,17773.64
DJIA,5/1/16,18267.45,17787.2
DJIA,6/1/16,18342.38,17929.99
DJIA,7/1/16,18893.05,18432.24
DJIA,8/1/16,18842.5,18400.88
DJIA,9/1/16,18710.93,18308.15
DJIA,10/1/16,18505.27,18142.42
DJIA,11/1/16,19544.3,19123.58
DJIA,12/1/16,20197.38,19762.6
DJIA,1/1/17,20181.92,19864.09
DJIA,2/1/17,21082.8,20812.24
DJIA,3/1/17,20911.18,20663.22
DJIA,4/1/17,21128.97,20940.51
DJIA,5/1/17,21176.72,21008.65
DJIA,6/1/17,21499.08,21349.63
DJIA,7/1/17,22066.25,21891.12
DJIA,8/1/17,22057.84,21948.1
DJIA,9/1/17,22382.68,22405.09
DJIA,10/1/17,23377.24,23377.24
DJIA,11/1/17,24272.35,24272.35
DJIA,12/1/17,24127.79,24127.79