Key,SP,SPn,PE,DJ,DJn,Gold,Goldn,Oil,Oiln,Libor,SPYTD
09-12,1273.44,1115.1,21.8776,11908.83,10428.05,1241.93,1087.5,90.66,79.39,20.99,0
93-03,775.97,451.67,22.7656,5901.52,3435.11,567.37,330.25,35.12,20.44,82.88999999999999,0
09-10,1182.29,1036.19,20.3294,11082.22,9712.73,1186.64,1040.0,87.9,77.04,27.009999999999994,0
10-03,1324.96,1169.43,19.193,12300.56,10856.63,1263.86,1115.5,94.55,83.45,20.080000000000002,0
09-11,1249.02,1095.63,21.4956,11793.12,10344.84,1340.36,1175.75,88.0,77.19,22.780000000000005,0
31-08,226.4,13.86,19.8,2277.26,139.41,369.01,22.59,0,0,0,0
31-09,159.67,9.71,13.8714,1588.65,96.61,371.47,22.59,0,0,0,0
76-03,453.52,102.77,11.8672,4410.57,999.45,584.77,132.51,53.4,12.1,0,0
76-02,440.72,99.71,11.5139,4298.94,972.61,579.64,131.14,53.17,12.03,0,0
76-05,437.39,100.18,10.8303,4257.85,975.23,554.0,126.89,53.13,12.17,0,0
76-04,446.91,101.64,10.9881,4383.15,996.85,562.46,127.92,53.51,12.17,0,0
76-07,446.86,103.44,10.8314,4253.64,984.64,507.64,117.51,52.57,12.17,0,0
76-06,452.89,104.28,11.2735,4355.07,1002.78,545.57,125.62,52.85,12.17,0,0
76-09,450.64,105.24,11.0199,4239.99,990.19,489.78,114.38,59.52,13.9,0,0
31-01,249.6,16.09,18.2841,2599.2,167.55,350.44,22.59,0,0,0,0
31-02,281.7,17.93,20.375,2979.75,189.66,354.91,22.59,0,0,0,0
31-03,263.9,16.69,18.9659,2725.36,172.36,357.19,22.59,0,0,0,0
31-04,240.14,15.09,19.1013,2406.04,151.19,359.5,22.59,0,0,0,0
31-05,209.91,13.02,16.481,2071.03,128.46,364.2,22.59,0,0,0,0
31-06,242.25,14.83,18.7722,2453.19,150.18,369.01,22.59,0,0,0,0
31-07,224.28,13.73,19.6143,2211.6,135.39,369.01,22.59,0,0,0,0
08-03,1527.72,1322.7,21.9026,14163.64,12262.89,1118.54,968.43,117.28,101.54,47.79,0
62-11,505.18,62.26,16.9646,5268.42,649.3,286.51,35.31,24.1,2.97,0,0
88-06,571.62,273.5,12.6211,4476.17,2141.71,942.34,450.88,31.77,15.2,182.70999999999998,0
27-12,0,0,15.9099,2861.58,200.7,295.85,20.75,0,0,0,0
47-12,161.28,15.3,9.5031,1909.61,181.16,368.94,35.0,21.82,2.07,0,0
85-11,457.51,202.17,13.8378,3331.43,1472.13,735.93,325.2,69.72,30.81,0,0
47-10,165.47,15.43,9.5839,1949.73,181.81,375.34,35.0,20.05,1.87,0,0
47-11,160.06,14.99,9.3106,1915.63,179.4,373.73,35.0,22.1,2.07,0,0
26-05,0,0,0,1987.51,143.43,287.12,20.72,0,0,0,0
83-09,406.71,166.07,12.4865,3019.94,1233.13,1006.98,411.18,76.19,31.11,0,0
83-08,404.75,164.4,12.3609,2994.19,1216.16,1025.03,416.34,78.56,31.91,0,0
95-02,796.88,487.39,14.9736,6558.07,4011.05,615.79,376.63,30.28,18.52,141.34,0
39-12,220.06,12.49,13.8778,2647.08,150.24,611.2,34.69,0,0,0,0
39-11,214.95,12.2,13.5556,2566.91,145.69,611.2,34.69,0,0,0,0
39-10,226.05,12.83,14.2556,2675.97,151.88,611.2,34.69,0,0,0,0
83-01,366.45,145.3,11.6989,2712.92,1075.7,1217.52,482.76,78.66,31.19,0,0
91-07,702.32,387.81,21.7626,5477.95,3024.82,665.67,367.57,39.3,21.7,156.91,0
83-03,385.46,152.96,12.3156,2847.68,1130.03,1058.25,419.94,72.63,28.82,0,0
83-02,373.11,148.06,11.9211,2803.8,1112.62,1231.65,488.75,72.95,28.95,0,0
81-10,321.91,121.89,7.9355,2251.58,852.55,1155.7,437.6,92.44,35.0,0,0
81-11,332.55,126.35,8.2259,2339.8,888.98,1086.25,412.71,94.75,36.0,0,0
81-12,321.57,122.55,7.9785,2296.0,875.0,1076.63,410.3,91.84,35.0,0,0
83-06,415.58,167.64,13.3153,3029.24,1221.96,1023.78,412.98,76.85,31.0,0,0
62-10,458.6,56.52,15.4005,4785.39,589.77,286.51,35.31,24.1,2.97,0,0
26-10,0,0,0,2112.9,150.76,290.39,20.72,0,0,0,0
40-04,214.78,12.19,11.7212,2615.19,148.43,600.1,34.06,0,0,0,0
40-05,163.33,9.27,8.9135,2047.68,116.22,600.1,34.06,0,0,0,0
40-06,174.59,9.98,9.5962,2131.99,121.87,595.85,34.06,0,0,0,0
40-07,181.3,10.29,9.5278,2222.46,126.14,600.1,34.06,0,0,0,0
40-01,213.84,12.05,12.1717,2579.03,145.33,604.43,34.06,0,0,0,0
52-09,226.7,24.54,10.3983,2499.9,270.61,320.47,34.69,23.74,2.57,0,0
40-03,215.83,12.25,12.3737,2606.73,147.95,600.1,34.06,0,0,0,0
52-07,234.65,25.4,10.7627,2582.58,279.56,320.47,34.69,23.74,2.57,0,0
52-06,232.33,24.96,10.6667,2552.81,274.26,322.89,34.69,23.92,2.57,0,0
52-05,222.92,23.86,10.1966,2456.65,262.94,324.11,34.69,24.01,2.57,0,0
52-04,217.88,23.32,9.9658,2407.04,257.63,324.11,34.69,24.01,2.57,0,0
40-08,186.06,10.56,9.7778,2280.25,129.42,600.1,34.06,0,0,0,0
52-02,218.16,23.26,9.6917,2439.29,260.08,325.36,34.69,24.1,2.57,0,0
52-01,224.7,24.14,10.0583,2519.58,270.69,322.89,34.69,23.92,2.57,0,0
09-03,925.53,797.87,116.3076,8826.35,7608.92,1041.39,897.75,57.58,49.64,46.589999999999996,0
76-01,447.41,100.86,11.6467,4326.34,975.28,582.23,131.25,49.51,11.16,0,0
09-01,964.63,825.88,120.3907,9345.0,8000.86,1073.98,919.5,48.74,41.73,39.98,0
09-07,1130.66,987.48,78.7464,10501.49,9171.61,1075.16,939.0,79.3,69.26,34.49999999999999,0
09-06,1051.7,919.32,122.4128,9663.37,8447.0,1069.07,934.5,79.87,69.82,36.92,0
09-05,1059.77,919.14,122.3888,9800.88,8500.33,1124.75,975.5,76.46,66.31,31.88,0
09-04,1009.84,872.81,116.2197,9450.51,8168.12,1021.92,883.25,58.25,50.35,38.720000000000006,0
09-09,1207.19,1057.08,84.2967,11091.42,9712.28,1159.99,1015.75,80.47,70.46,27.92,0
09-08,1166.57,1020.62,81.3892,10854.25,9496.28,1092.14,955.5,79.98,69.97,28.479999999999997,0
93-12,789.23,466.45,21.3088,6351.92,3754.09,649.1,383.63,24.01,14.19,79.74000000000002,0
93-11,781.35,461.79,21.0959,6233.24,3683.95,632.89,374.05,25.99,15.36,82.94000000000001,0
93-10,792.04,467.83,21.3719,6231.24,3680.59,616.93,364.4,28.73,16.97,74.73,0
89-10,668.47,340.36,14.8824,5194.94,2645.08,720.85,367.03,39.04,19.88,189.47999999999996,0
89-11,677.79,345.99,15.1286,5301.58,2706.27,774.18,395.19,38.93,19.87,182.41,0
89-12,691.25,353.4,15.4526,5385.26,2753.2,800.49,409.25,42.72,21.84,155.91,0
10-07,1245.91,1101.6,15.3298,11836.98,10465.94,1322.14,1169.0,89.18,78.85,24.57,0
20-10,0,0,0,1054.57,85.08,255.71,20.63,0,0,0,0
05-07,1557.54,1234.18,18.5396,13428.83,10640.91,535.69,424.48,76.62,60.71,85.07,0
05-06,1510.61,1191.33,18.8026,13028.66,10274.97,546.08,430.66,71.81,56.63,83.88,0
05-05,1512.01,1191.5,18.8052,13283.23,10467.48,535.35,421.87,66.09,52.08,75.05000000000001,0
05-04,1466.89,1156.85,18.2584,12924.1,10192.51,544.26,429.23,62.39,49.2,78.24999999999999,0
00-01,2037.31,1394.46,27.3692,15984.11,10940.53,415.39,284.32,40.4,27.65,132.59,0
75-07,403.9,88.75,11.4369,3784.2,831.51,751.69,165.17,50.79,11.16,0,0
05-01,1527.38,1181.27,19.5834,13563.49,10489.94,548.27,424.03,62.39,48.25,64.39,0
76-08,442.2,102.91,10.7759,4184.16,973.74,471.72,109.78,52.29,12.17,0,0
05-09,1524.95,1228.81,18.4589,13115.76,10568.7,565.96,456.05,82.17,66.21,92.56,0
05-08,1532.73,1220.33,18.3315,13164.89,10481.6,550.04,437.93,86.2,68.63,93.87999999999998,0
10-06,1166.76,1030.71,15.3608,11064.19,9774.02,1397.45,1234.5,85.57,75.59,26.15,0
16-06,2147.13,2098.86,24.147,18342.38,17929.99,1350.97,1320.6,49.44,48.33,27.703400000000002,0
01-09,1439.62,1040.94,36.7693,12236.18,8847.56,391.97,283.42,32.42,23.44,62.269999999999996,0
69-01,713.76,103.01,17.6993,6555.18,946.05,290.19,41.88,21.27,3.07,0,0
56-09,408.24,45.35,13.1069,4278.2,475.25,317.86,35.31,25.39,2.82,0,0
90-12,608.93,330.22,15.4742,4856.47,2633.66,696.46,377.69,52.52,28.48,146.07,0
90-10,561.79,304.0,14.2455,4513.43,2442.33,702.96,380.39,65.25,35.31,188.51,0
90-11,594.17,322.22,15.0993,4719.99,2559.65,703.91,381.73,53.62,29.08,176.57999999999998,0
10-09,1288.41,1141.2,15.8809,12179.71,10788.05,1460.93,1294.0,90.26,79.95,17.68,0
84-04,382.84,160.05,9.8796,2800.43,1170.75,911.14,380.91,73.24,30.62,0,0
11-11,1359.19,1246.96,14.3411,13129.79,12045.68,1903.14,1746.0,109.39,100.36,22.009999999999998,0
00-11,1863.28,1314.95,26.299,14757.33,10414.49,376.94,266.01,47.63,33.61,147.0,0
84-05,359.21,150.55,9.2932,2636.17,1104.85,901.45,377.81,72.82,30.52,0,0
13-01,1604.48,1498.11,17.0822,14844.68,13860.58,1782.95,1664.75,104.58,97.65,17.910000000000007,0
00-10,2026.89,1429.4,28.588,15557.08,10971.14,382.86,270.0,46.37,32.7,148.23999999999995,0
97-10,1395.71,914.62,23.0267,11356.64,7442.1,494.97,324.36,32.2,21.1,137.88000000000002,0
11-10,1364.84,1253.3,14.414,13019.01,11955.01,1875.26,1722.0,101.48,93.19,19.090000000000003,0
68-06,707.81,99.58,17.8779,6381.56,897.8,286.52,40.31,21.82,3.07,0,0
68-07,690.83,97.74,17.2686,6241.04,883.0,284.91,40.31,21.7,3.07,0,0
27-10,0,0,0,2576.2,181.73,294.15,20.75,0,0,0,0
88-04,550.36,261.33,12.0595,4280.09,2032.33,951.11,451.62,38.12,18.1,148.24999999999997,0
27-11,0,0,0,2826.08,198.21,295.85,20.75,0,0,0,0
16-07,2227.94,2173.6,24.3978,18893.05,18432.24,1391.44,1357.5,42.64,41.6,27.658699999999996,0
28-01,250.51,17.57,14.8898,2831.5,198.59,296.28,20.78,0,0,0,0
96-09,1074.3,687.33,19.0925,9193.83,5882.17,598.47,382.9,37.82,24.2,129.02,0
06-05,1546.97,1270.09,17.0505,13603.0,11168.31,822.63,675.39,86.99,71.42,113.45000000000002,0
01-07,1683.61,1211.23,42.7845,14626.71,10522.81,371.87,267.53,37.11,26.7,88.05,0
96-08,1022.32,651.99,18.1108,8806.22,5616.21,607.54,387.46,34.89,22.25,124.67999999999999,0
16-05,2153.58,2096.96,24.1252,18267.45,17787.2,1250.37,1217.5,50.43,49.1,24.083000000000002,0
78-05,371.85,97.24,8.6589,3214.49,840.61,675.47,176.64,56.79,14.85,0,0
85-10,430.7,189.82,12.9925,3118.31,1374.31,739.4,325.87,67.03,29.54,0,0
16-04,2129.32,2065.3,23.7609,18324.62,17773.64,1269.01,1230.85,42.15,40.88,25.665100000000002,0
01-05,1743.08,1255.82,34.1348,15145.77,10911.94,378.04,272.36,39.41,28.39,89.98,0
07-09,1806.15,1526.75,19.4243,16438.53,13895.63,843.06,712.65,96.58,81.64,101.22999999999999,0
71-08,598.74,99.03,18.2376,5429.73,898.07,258.22,42.71,21.52,3.56,0,0
01-04,1741.75,1249.46,33.9619,14964.55,10734.97,363.11,260.48,39.7,28.48,85.46,0
85-12,476.86,211.28,14.4613,3490.83,1546.67,725.87,321.61,61.46,27.23,0,0
07-08,1748.15,1473.99,18.7531,15842.28,13357.74,789.18,665.41,87.74,73.98,114.10000000000001,0
96-04,1032.28,654.17,18.7388,8788.01,5569.08,619.82,392.79,33.06,20.95,116.03000000000002,0
95-05,864.64,533.4,15.4923,7237.99,4465.14,624.15,385.04,30.6,18.88,131.48,0
84-08,393.36,166.68,10.0652,2889.54,1224.38,820.81,347.8,69.03,29.25,0,0
01-08,1575.68,1133.58,40.0417,13830.15,9949.75,378.62,272.39,37.04,26.65,81.69,0
91-03,685.53,375.22,17.9188,5323.62,2913.86,663.62,363.23,35.86,19.63,141.01999999999998,0
78-04,373.76,96.83,8.6224,3232.06,837.32,674.34,174.7,57.32,14.85,0,0
84-09,390.17,166.1,10.0302,2834.56,1206.71,801.29,341.12,68.85,29.31,0,0
16-10,2168.67,2126.15,22.487,18505.27,18142.42,1298.56,1273.1,47.8,46.86,33.1341,0
16-11,2247.18,2198.81,23.2555,19544.3,19123.58,1199.73,1173.9,50.53,49.44,35.2653,0
16-12,2288.08,2238.83,23.6788,20197.38,19762.6,1177.04,1151.7,54.9,53.72,33.384699999999995,0
77-11,377.9,94.83,8.708,3306.35,829.7,645.77,162.05,59.18,14.85,0,0
77-10,369.73,92.34,8.4793,3276.67,818.35,636.76,159.03,59.46,14.85,0,0
77-12,377.74,95.1,8.7328,3301.41,831.17,636.83,160.33,58.98,14.85,0,0
14-05,1994.74,1923.57,18.6537,17335.71,16717.17,1296.77,1250.5,107.23,103.4,10.739999999999998,0
14-04,1959.31,1883.95,18.2695,17244.07,16580.84,1340.04,1288.5,104.07,100.07,11.030000000000003,0
14-07,1998.24,1930.67,18.2207,17143.02,16563.3,1330.23,1285.25,101.67,98.23,12.780000000000003,0
14-06,2028.84,1960.23,19.0092,17415.53,16826.6,1361.03,1315.0,109.78,106.07,11.410000000000004,0
87-07,690.85,318.66,20.0921,5576.25,2572.07,978.07,451.14,46.46,21.43,173.43999999999997,0
07-07,1723.04,1455.27,18.5149,15643.0,13211.99,787.72,665.3,92.59,78.2,118.46,0
14-03,1954.72,1872.34,18.5656,17181.8,16457.66,1348.59,1291.75,106.04,101.57,11.710000000000006,0
14-02,1954.28,1859.45,18.4378,17154.12,16321.71,1394.15,1326.5,108.13,102.88,11.060000000000002,0
22-12,0,0,0,1432.79,98.17,304.16,20.84,0,0,0,0
03-12,1487.75,1111.92,22.8133,13987.34,10453.92,543.38,406.11,43.5,32.51,31.42,0
22-10,0,0,0,1419.54,96.11,307.81,20.84,0,0,0,0
19-08,0,0,0,1459.8,104.75,279.14,20.03,0,0,0,0
19-09,0,0,0,1543.95,111.42,277.56,20.03,0,0,0,0
19-06,0,0,0,1561.37,106.98,292.34,20.03,0,0,0,0
19-07,0,0,0,1519.1,107.16,283.95,20.03,0,0,0,0
19-04,0,0,0,1371.84,92.88,295.84,20.03,0,0,0,0
19-05,0,0,0,1539.77,105.5,292.34,20.03,0,0,0,0
19-02,0,0,0,1291.32,84.81,304.98,20.03,0,0,0,0
51-08,221.72,23.28,9.2749,2573.86,270.25,333.34,35.0,24.48,2.57,0,0
19-01,0,0,0,1205.04,80.61,299.43,20.03,0,0,0,0
15-11,2161.55,2080.41,24.0426,18411.0,17719.92,1103.31,1061.9,42.01,40.43,19.61,0
15-10,2156.3,2079.36,24.0305,18317.09,17663.54,1184.62,1142.35,48.32,46.6,18.45,0
51-09,219.83,23.26,9.2669,2562.73,271.16,330.79,35.0,24.29,2.57,0,0
16-09,2215.97,2168.27,24.338,18710.93,18308.15,1346.08,1317.1,49.3,48.24,34.2325,0
24-11,0,0,0,1593.29,111.1,298.01,20.78,0,0,0,0
88-07,566.35,272.02,11.9674,4432.02,2128.73,911.0,437.56,34.08,16.37,182.01,0
26-04,0,0,0,1980.32,143.71,285.52,20.72,0,0,0,0
92-06,717.92,408.14,23.9378,5837.24,3318.5,599.75,340.96,38.42,21.84,100.17000000000002,0
10-01,1222.06,1073.87,17.6247,11456.62,10067.33,1227.33,1078.5,82.9,72.85,17.990000000000006,0
81-09,307.53,116.18,7.6084,2249.9,849.98,1175.53,444.1,95.29,36.0,0,0
63-09,576.11,71.7,18.1061,5887.97,732.79,283.72,35.31,23.86,2.97,0,0
63-08,582.54,72.5,18.3081,5860.09,729.32,283.72,35.31,23.86,2.97,0,0
29-12,307.61,21.45,13.323,3563.45,248.48,297.15,20.72,0,0,0,0
91-08,714.15,395.43,22.1902,5496.74,3043.6,642.72,355.88,40.24,22.28,129.71999999999997,0
29-10,344.33,24.15,15.0,3899.71,273.51,295.43,20.72,0,0,0,0
29-11,298.28,20.92,12.9938,3406.95,238.95,295.43,20.72,0,0,0,0
63-03,538.35,66.57,17.9434,5519.54,682.52,285.55,35.31,24.02,2.97,0,0
63-02,521.65,64.29,17.3288,5379.1,662.94,286.51,35.31,24.1,2.97,0,0
63-01,537.15,66.2,17.8437,5540.64,682.85,286.51,35.31,24.1,2.97,0,0
79-01,360.85,99.93,7.5135,3030.42,839.22,820.89,227.33,53.62,14.85,0,0
63-07,555.46,69.13,17.4571,5587.78,695.43,283.72,35.31,23.86,2.97,0,0
63-06,559.19,69.37,18.0651,5698.16,706.88,284.63,35.31,23.94,2.97,0,0
63-05,572.56,70.8,18.4375,5878.93,726.96,285.55,35.31,24.02,2.97,0,0
63-04,564.47,69.8,18.1771,5804.04,717.7,285.55,35.31,24.02,2.97,0,0
51-02,209.24,21.8,7.7032,2419.18,252.05,335.93,35.0,24.67,2.57,0,0
17-10,2575.26,2575.26,0,23377.24,23377.24,1270.5,1270.5,54.38,54.38,40.059000000000005,312.64901757000007
51-03,204.61,21.4,7.5618,2370.55,247.94,334.64,35.0,24.57,2.57,0,0
91-04,684.62,375.34,19.3375,5267.47,2887.87,653.67,358.37,38.29,20.99,143.14,0
81-08,328.09,122.79,8.0413,2355.29,881.47,1097.95,410.91,96.19,36.0,0,0
45-03,189.01,13.64,14.2083,2139.66,154.41,485.0,35.0,0,0,0,0
45-02,198.16,14.3,14.8958,2222.66,160.4,485.0,35.0,0,0,0,0
45-01,186.65,13.47,14.0313,2129.41,153.67,485.0,35.0,0,0,0,0
91-05,709.1,389.83,20.084,5507.02,3027.5,649.33,356.97,38.49,21.16,139.01999999999995,0
45-07,199.79,14.66,14.8081,2219.73,162.88,476.98,35.0,0,0,0,0
45-06,203.87,14.96,14.96,2252.57,165.29,476.98,35.0,0,0,0,0
45-05,206.84,15.01,15.01,2319.17,168.3,482.3,35.0,0,0,0,0
45-04,205.64,14.84,14.84,2292.5,165.44,485.0,35.0,0,0,0,0
51-06,199.62,20.96,7.7059,2310.9,242.64,333.34,35.0,24.48,2.57,0,0
45-09,220.23,16.16,16.3232,2476.34,181.71,476.98,35.0,0,0,0,0
45-08,211.37,15.51,15.6667,2375.22,174.29,476.98,35.0,0,0,0,0
51-07,213.34,22.4,8.9243,2455.86,257.86,333.34,35.0,24.48,2.57,0,0
28-08,301.05,20.87,15.9313,3467.91,240.41,299.75,20.78,0,0,0,0
28-09,301.41,21.14,16.1374,3384.56,237.38,296.28,20.78,0,0,0,0
51-04,214.45,22.43,8.2463,2477.54,259.13,334.64,35.0,24.57,2.57,0,0
25-04,0,0,0,1721.06,120.01,297.58,20.75,0,0,0,0
04-05,1461.37,1120.68,19.9587,13285.74,10188.45,500.45,383.78,52.03,39.9,38.46,0
28-02,248.98,17.26,14.6271,2809.7,194.78,299.75,20.78,0,0,0,0
28-03,278.11,19.28,16.339,3093.44,214.45,299.75,20.78,0,0,0,0
01-01,1924.71,1366.01,30.0618,15340.29,10887.36,374.08,265.49,40.33,28.62,119.10000000000002,0
51-05,204.96,21.52,7.9118,2377.67,249.65,333.34,35.0,24.48,2.57,0,0
28-06,276.09,19.14,15.312,3034.59,210.37,299.75,20.78,0,0,0,0
28-07,280.28,19.43,14.8321,3115.8,216.0,299.75,20.78,0,0,0,0
28-04,284.89,19.75,15.8,3052.76,211.63,299.75,20.78,0,0,0,0
28-05,286.82,20.0,16.0,3152.3,219.81,298.01,20.78,0,0,0,0
87-10,538.58,251.79,14.388,4264.16,1993.53,996.11,465.69,42.69,19.96,196.42999999999998,0
99-12,2153.92,1469.25,30.5013,16854.78,11497.12,414.98,283.07,37.76,25.76,127.51,0
19-10,0,0,0,1620.64,118.92,272.97,20.03,0,0,0,0
49-07,156.54,15.04,6.2929,1830.98,175.92,331.81,31.88,26.75,2.57,0,0
49-06,146.15,14.16,5.9,1727.94,167.42,329.03,31.88,26.52,2.57,0,0
49-05,147.07,14.19,5.9125,1744.88,168.36,330.4,31.88,26.64,2.57,0,0
49-04,152.13,14.74,6.1417,1797.51,174.16,329.03,31.88,26.52,2.57,0,0
49-03,156.08,15.06,6.3277,1835.46,177.1,330.4,31.88,26.64,2.57,0,0
49-02,151.52,14.62,6.1429,1793.59,173.06,330.4,31.88,26.64,2.57,0,0
49-01,156.43,15.22,6.395,1841.0,179.12,327.66,31.88,26.41,2.57,0,0
87-11,492.15,230.3,13.16,3918.3,1833.55,1000.14,468.01,39.58,18.52,166.92,0
03-10,1400.6,1050.71,21.5574,13064.89,9801.12,505.1,378.92,38.98,29.24,32.3,0
04-03,1482.09,1126.21,21.6579,13630.73,10357.7,535.18,406.67,47.05,35.75,30.490000000000006,0
21-12,0,0,0,1152.05,80.8,295.0,20.69,0,0,0,0
49-09,160.8,15.58,6.5188,1883.69,182.51,329.03,31.88,26.52,2.57,0,0
49-08,157.74,15.22,6.3682,1851.63,178.66,330.4,31.88,26.64,2.57,0,0
67-10,682.86,93.3,17.5047,6438.82,879.74,258.43,35.31,22.47,3.07,0,0
67-11,686.01,94.0,17.636,6391.66,875.81,257.69,35.31,22.4,3.07,0,0
67-12,701.92,96.47,18.0994,6585.58,905.11,256.92,35.31,22.34,3.07,0,0
24-12,0,0,0,1718.23,120.51,296.28,20.78,0,0,0,0
96-10,1098.81,705.27,18.2099,9393.77,6029.38,593.66,381.04,36.22,23.25,134.43,0
46-11,169.88,14.67,13.8396,1966.28,169.8,405.3,35.0,17.6,1.52,0,0
46-10,175.99,14.84,14.0,2005.95,169.15,415.07,35.0,18.03,1.52,0,0
46-12,175.54,15.3,14.434,2033.02,177.2,401.56,35.0,18.59,1.62,0,0
20-02,0,0,0,1153.34,91.18,260.95,20.63,0,0,0,0
71-12,612.74,102.09,17.9105,5342.98,890.2,260.97,43.48,21.37,3.56,0,0
71-11,566.85,93.99,16.4895,5013.81,831.34,258.49,42.86,21.47,3.56,0,0
71-10,568.3,94.23,16.5316,5060.01,839.0,256.32,42.5,21.47,3.56,0,0
12-02,1479.03,1365.68,15.4244,14027.09,12952.07,1916.91,1770.0,115.97,107.08,22.53,0
20-07,0,0,0,1029.95,86.85,244.65,20.63,0,0,0,0
20-04,0,0,0,1136.6,93.54,250.68,20.63,0,0,0,0
20-05,0,0,0,1099.33,91.81,247.02,20.63,0,0,0,0
20-08,0,0,0,1046.93,86.16,250.68,20.63,0,0,0,0
20-09,0,0,0,1023.02,82.95,254.43,20.63,0,0,0,0
25-03,0,0,0,1664.62,116.75,295.85,20.75,0,0,0,0
01-02,1739.64,1239.94,27.2874,14724.88,10495.28,367.4,261.87,38.37,27.35,103.02000000000001,0
50-05,195.46,18.78,7.3937,2325.36,223.42,364.28,35.0,26.75,2.57,0,0
50-04,188.87,18.07,7.1142,2240.18,214.33,365.82,35.0,26.86,2.57,0,0
50-07,182.59,17.84,6.5588,2143.21,209.4,358.23,35.0,26.3,2.57,0,0
50-06,183.34,17.69,6.9646,2167.22,209.11,362.74,35.0,26.64,2.57,0,0
50-01,178.96,17.05,7.1941,2117.99,201.79,367.36,35.0,26.97,2.57,0,0
88-12,568.49,277.72,11.6935,4439.06,2168.57,857.53,418.92,35.04,17.12,190.89,0
50-03,180.72,17.29,7.2954,2153.63,206.05,365.82,35.0,26.86,2.57,0,0
50-02,180.74,17.22,7.2658,2135.31,203.44,367.36,35.0,26.97,2.57,0,0
50-09,196.62,19.45,7.1507,2288.27,226.36,353.82,35.0,25.98,2.57,0,0
50-08,186.98,18.42,6.7721,2201.45,216.87,355.29,35.0,26.09,2.57,0,0
61-01,511.35,61.78,19.9935,5365.15,648.2,292.26,35.31,24.58,2.97,0,0
61-03,538.5,65.06,21.055,5600.47,676.63,292.26,35.31,24.58,2.97,0,0
61-02,525.09,63.44,20.5307,5480.04,662.08,292.26,35.31,24.58,2.97,0,0
61-05,550.92,66.56,21.967,5766.75,696.72,292.26,35.31,24.58,2.97,0,0
61-04,540.57,65.31,21.5545,5617.68,678.71,292.26,35.31,24.58,2.97,0,0
61-07,548.9,66.76,21.8885,5799.55,705.37,290.32,35.31,24.42,2.97,0,0
61-06,535.03,64.64,21.3333,5661.14,683.96,292.26,35.31,24.58,2.97,0,0
61-09,548.65,66.73,21.8787,5765.35,701.21,290.32,35.31,24.42,2.97,0,0
61-08,561.58,68.07,22.318,5939.51,719.94,291.31,35.31,24.5,2.97,0,0
25-02,0,0,0,1753.04,122.24,297.58,20.75,0,0,0,0
20-01,0,0,0,1331.8,104.21,263.65,20.63,0,0,0,0
12-10,1505.36,1412.16,16.3237,13960.83,13096.46,1832.45,1719.0,91.92,86.23,21.139999999999997,0
70-01,554.76,85.02,15.1012,4854.99,744.06,238.55,36.56,21.86,3.35,0,0
12-12,1531.73,1426.19,16.4858,14073.85,13104.14,1780.16,1657.5,98.63,91.83,16.09,0
32-12,129.73,6.89,16.8049,1128.42,59.93,391.27,20.78,0,0,0,0
78-11,346.6,94.7,7.6805,2924.45,799.03,751.51,205.33,54.35,14.85,0,0
32-10,129.08,6.96,16.9756,1148.0,61.9,385.39,20.78,0,0,0,0
32-11,122.4,6.55,15.9756,1053.01,56.35,388.32,20.78,0,0,0,0
56-10,408.85,45.58,13.3666,4304.25,479.85,316.73,35.31,25.3,2.82,0,0
56-11,404.37,45.08,13.2199,4240.84,472.78,316.73,35.31,25.3,2.82,0,0
56-12,417.09,46.67,13.6862,4463.76,499.47,315.57,35.31,25.2,2.82,0,0
75-11,406.93,91.24,11.4623,3838.59,860.67,634.57,142.28,49.77,11.16,0,0
75-10,400.06,89.04,11.1859,3756.33,836.04,641.38,142.75,50.14,11.16,0,0
26-12,0,0,0,2190.74,157.2,288.75,20.72,0,0,0,0
82-08,301.76,119.51,8.8134,2275.81,901.31,922.91,365.51,85.72,33.95,0,0
80-01,361.89,114.16,7.4663,2776.44,875.85,2149.16,677.97,103.03,32.5,0,0
51-11,213.77,22.88,9.377,2441.05,261.27,327.01,35.0,24.01,2.57,0,0
51-10,215.98,22.94,9.4016,2470.03,262.35,329.53,35.0,24.2,2.57,0,0
82-04,302.63,116.44,8.2174,2204.89,848.36,911.37,350.66,86.94,33.45,0,0
51-12,221.25,23.77,9.7418,2505.99,269.23,325.78,35.0,23.92,2.57,0,0
82-02,294.88,113.11,7.6374,2149.18,824.39,974.16,373.67,82.28,31.56,0,0
82-03,292.22,111.96,7.5598,2147.43,822.77,860.02,329.51,74.33,28.48,0,0
82-01,314.97,120.4,8.1296,2278.8,871.1,1004.41,383.95,88.55,33.85,0,0
11-06,1443.46,1320.64,15.7463,13568.87,12414.34,1644.15,1504.25,104.16,95.3,16.020000000000003,0
78-10,342.42,93.15,7.5547,2913.05,792.45,836.77,227.63,54.59,14.85,0,0
92-01,730.08,408.78,25.2489,5756.99,3223.4,633.26,354.57,33.81,18.93,98.22,0
40-02,213.72,12.13,12.2525,2581.89,146.54,600.1,34.06,0,0,0,0
23-09,0,0,0,1261.58,87.97,297.58,20.75,0,0,0,0
52-08,231.23,25.03,10.6059,2540.82,275.04,320.47,34.69,23.74,2.57,0,0
11-04,1495.88,1363.61,16.2586,14053.16,12810.54,1684.44,1535.5,124.39,113.39,13.859999999999998,0
35-04,165.87,9.28,11.4568,1956.31,109.45,625.59,35.0,0,0,0,0
35-05,171.23,9.58,11.8272,1977.58,110.64,625.59,35.0,0,0,0,0
35-06,184.19,10.23,12.6296,2128.37,118.21,630.18,35.0,0,0,0,0
35-07,199.5,11.08,14.5789,2272.77,126.23,630.18,35.0,0,0,0,0
58-09,427.26,50.06,17.3819,4541.39,532.09,301.37,35.31,26.2,3.07,0,0
35-01,165.05,9.1,12.4658,1844.35,101.69,634.8,35.0,0,0,0,0
35-02,157.36,8.74,11.9726,1843.35,102.38,630.18,35.0,0,0,0,0
35-03,152.5,8.47,11.6027,1815.08,100.81,630.18,35.0,0,0,0,0
41-07,174.34,10.39,8.7311,2161.1,128.79,571.53,34.06,0,0,0,0
41-06,165.28,9.85,9.0367,2066.29,123.14,571.53,34.06,0,0,0,0
41-05,160.16,9.35,8.578,1982.85,115.76,583.41,34.06,0,0,0,0
41-04,160.59,9.31,8.5413,1992.95,115.54,587.5,34.06,0,0,0,0
41-03,173.02,9.96,9.3962,2131.77,122.72,591.66,34.06,0,0,0,0
35-09,208.68,11.59,15.25,2375.22,131.92,630.18,35.0,0,0,0,0
41-01,176.16,10.07,9.5,2171.53,124.13,595.85,34.06,0,0,0,0
58-02,352.25,40.84,13.0064,3794.31,439.92,304.55,35.31,26.48,3.07,0,0
01-03,1624.46,1160.33,25.5354,13830.29,9878.78,368.24,263.03,36.92,26.37,104.86,0
72-09,647.71,110.55,18.0049,5585.21,953.27,383.53,65.46,20.86,3.56,0,0
72-08,652.43,111.09,18.0928,5659.99,963.73,393.67,67.03,20.91,3.56,0,0
55-08,397.43,43.18,12.5523,4309.13,468.18,324.99,35.31,25.96,2.82,0,0
55-09,400.45,43.67,12.6948,4278.91,466.62,323.79,35.31,25.86,2.82,0,0
55-06,379.04,41.03,12.7422,4169.85,451.38,326.19,35.31,26.05,2.82,0,0
55-07,400.56,43.52,12.6512,4287.68,465.85,324.99,35.31,25.96,2.82,0,0
55-04,350.67,37.96,11.7888,3932.15,425.65,326.19,35.31,26.05,2.82,0,0
55-05,350.21,37.91,11.7733,3924.86,424.86,326.19,35.31,26.05,2.82,0,0
55-02,339.59,36.76,12.4189,3804.86,411.87,326.19,35.31,26.05,2.82,0,0
55-03,337.93,36.58,12.3581,3784.81,409.7,326.19,35.31,26.05,2.82,0,0
72-03,638.7,107.2,18.4509,5604.69,940.7,287.95,48.33,21.21,3.56,0,0
40-09,187.82,10.66,9.8704,2336.98,132.64,600.1,34.06,0,0,0,0
59-11,488.97,58.28,17.1917,5530.52,659.18,296.25,35.31,24.92,2.97,0,0
59-10,482.59,57.52,16.9676,5424.97,646.6,296.25,35.31,24.92,2.97,0,0
59-12,502.48,59.89,17.6667,5699.83,679.36,296.25,35.31,24.92,2.97,0,0
74-10,356.72,73.9,8.3127,3212.47,665.52,767.4,158.98,53.87,11.16,0,0
74-11,335.16,69.97,7.8706,2963.38,618.66,874.18,182.5,53.46,11.16,0,0
74-12,325.87,68.56,7.712,2928.99,616.24,873.22,183.72,53.04,11.16,0,0
01-06,1696.99,1224.38,33.2802,14556.33,10502.4,373.97,269.82,36.55,26.37,85.09,0
91-01,630.42,343.93,16.4245,5015.8,2736.39,702.11,383.04,40.14,21.9,163.37,0
20-06,0,0,0,1071.15,90.76,243.48,20.63,0,0,0,0
82-07,270.94,107.09,7.8975,2045.76,808.6,859.95,339.9,86.42,34.16,0,0
23-03,0,0,0,1508.87,102.77,304.65,20.75,0,0,0,0
09-02,854.17,735.09,107.156,8207.12,7062.93,1106.22,952.0,51.3,44.15,41.300000000000004,0
58-07,401.4,47.19,16.3854,4278.43,502.99,300.35,35.31,26.11,3.07,0,0
00-08,2165.73,1517.68,28.2622,16003.95,11215.1,391.67,274.47,47.22,33.09,153.60999999999999,0
76-12,455.42,107.46,10.8436,4257.71,1004.65,567.68,133.95,58.91,13.9,0,0
76-10,438.35,102.9,10.3835,4110.6,964.93,494.84,116.16,59.21,13.9,0,0
76-11,434.23,102.1,10.3027,4028.53,947.22,555.61,130.64,59.12,13.9,0,0
25-06,0,0,0,1846.59,131.01,292.47,20.75,0,0,0,0
57-12,347.31,39.99,11.8665,3783.97,435.69,303.98,35.0,26.06,3.0,0,0
57-11,362.34,41.72,12.3798,3907.12,449.87,303.98,35.0,26.66,3.07,0,0
57-10,357.88,41.06,12.184,3844.1,441.04,305.06,35.0,26.76,3.07,0,0
97-04,1234.06,801.34,19.7618,10793.86,7009.0,530.11,344.23,31.11,20.2,140.45,0
97-05,1307.2,848.28,20.9194,11297.07,7331.0,530.24,344.09,32.36,21.0,125.22000000000001,0
97-06,1362.23,885.14,21.8284,11808.44,7672.8,524.04,340.51,30.5,19.82,114.89,0
97-07,1466.77,954.31,23.482,12638.14,8222.6,497.83,323.9,31.03,20.19,138.51,0
14-10,2096.75,2018.05,19.7249,18068.75,17390.52,1209.66,1164.25,83.67,80.53,12.689999999999996,0
85-07,436.82,190.92,12.5358,3082.97,1347.45,726.71,317.62,62.53,27.33,0,0
97-02,1222.61,790.82,19.6526,10632.99,6877.74,536.51,347.03,31.38,20.3,116.43,0
97-03,1167.48,757.12,18.8151,10151.73,6583.48,542.0,351.49,31.38,20.35,115.96,0
04-06,1483.09,1140.84,20.3177,13566.12,10435.48,510.22,392.48,48.0,36.92,51.67000000000001,0
97-08,1379.79,899.47,22.1326,11692.76,7622.4,497.05,324.02,30.16,19.66,120.68,0
97-09,1449.34,947.28,23.3091,12156.31,7945.3,494.36,323.11,32.33,21.13,132.51000000000002,0
39-01,216.71,12.3,17.3239,2532.91,143.76,611.2,34.69,0,0,0,0
39-02,225.37,12.7,17.8873,2613.99,147.3,615.61,34.69,0,0,0,0
39-03,194.85,10.98,15.4648,2339.63,131.84,615.61,34.69,0,0,0,0
39-04,195.18,10.92,14.3684,2295.92,128.45,620.05,34.69,0,0,0,0
39-05,207.34,11.6,15.2632,2469.83,138.18,620.05,34.69,0,0,0,0
39-06,194.11,10.86,14.2895,2334.88,130.63,620.05,34.69,0,0,0,0
39-07,215.2,12.04,14.8642,2560.63,143.26,620.05,34.69,0,0,0,0
39-08,199.83,11.18,13.8025,2402.44,134.41,620.05,34.69,0,0,0,0
39-09,227.77,13.02,16.0741,2668.53,152.54,606.87,34.69,0,0,0,0
83-10,399.39,163.55,11.6572,2991.94,1225.2,960.46,393.31,74.26,30.41,0,0
83-11,405.52,166.4,11.8603,3109.66,1276.02,931.37,382.18,72.72,29.84,0,0
80-02,355.3,113.66,7.4336,2698.18,863.14,2076.6,664.3,115.66,37.0,0,0
12-07,1485.53,1379.32,15.9459,14010.35,13008.68,1746.89,1622.0,94.86,88.08,23.439999999999994,0
82-05,288.09,111.88,7.8956,2110.32,819.54,858.02,333.21,92.52,35.93,0,0
25-12,0,0,0,2081.88,151.08,285.94,20.75,0,0,0,0
14-11,2160.6,2067.56,20.2088,18630.51,17828.24,1235.97,1182.75,68.91,65.94,11.220000000000006,0
80-03,314.34,102.09,6.6769,2419.32,785.75,1695.36,550.62,117.0,38.0,0,0
02-11,1274.32,936.31,33.9366,12107.58,8896.09,434.25,319.07,36.57,26.87,34.22,0
02-10,1205.52,885.76,32.1044,11428.36,8397.03,430.84,316.56,36.99,27.18,41.68,0
75-01,364.42,76.98,9.1101,3331.27,703.69,835.65,176.52,52.83,11.16,0,0
18-02,0,0,0,1406.34,80.39,347.08,19.84,0,0,0,0
80-04,323.65,106.29,7.1145,2487.95,817.06,1574.02,516.92,120.28,39.5,0,0
89-09,688.87,349.15,14.7383,5312.93,2692.82,714.05,361.91,39.76,20.15,187.03,0
25-08,0,0,0,1967.48,141.18,289.17,20.75,0,0,0,0
94-05,763.27,456.5,18.1151,6283.99,3758.37,637.93,381.54,30.6,18.3,112.14,0
89-08,695.87,351.45,14.8354,5419.79,2737.27,723.0,365.15,37.28,18.83,190.70999999999998,0
80-06,340.78,114.24,7.6466,2589.01,867.92,1798.93,603.06,117.83,39.5,0,0
52-10,226.52,24.52,10.2167,2487.15,269.23,320.47,34.69,23.74,2.57,0,0
52-11,237.05,25.66,10.6917,2620.45,283.66,320.47,34.69,23.74,2.57,0,0
52-12,245.45,26.57,11.0708,2696.57,291.9,320.47,34.69,23.74,2.57,0,0
80-07,362.94,121.67,8.3108,2790.06,935.32,1919.44,643.46,117.83,39.5,0,0
12-09,1535.75,1440.67,16.6551,14323.98,13437.13,1893.22,1776.0,98.26,92.18,20.0,0
93-08,789.44,463.56,22.7124,6218.08,3651.25,643.68,377.97,31.06,18.24,77.14000000000003,0
85-05,435.78,189.55,12.1429,3024.13,1315.41,727.63,316.5,63.5,27.62,0,0
75-06,438.06,95.19,11.9585,4045.11,878.99,756.38,164.36,51.36,11.16,0,0
17-07,2490.06,2470.3,0,22066.25,21891.12,1283.59,1273.4,50.57,50.17,36.5626,192.30803588000003
93-01,759.09,438.78,22.1159,5726.3,3310.0,569.26,329.05,35.07,20.27,77.72000000000001,0
93-02,764.39,443.38,22.3478,5811.28,3370.81,567.73,329.31,35.39,20.53,73.84,0
43-11,156.22,11.02,11.7234,1836.78,129.57,482.83,34.06,0,0,0,0
93-04,754.05,440.19,22.7724,5871.39,3427.55,585.66,341.89,35.19,20.54,71.32000000000001,0
93-05,770.28,450.19,23.2897,6035.43,3527.43,629.2,367.74,34.29,20.04,68.69999999999999,0
93-06,769.51,450.53,23.3073,6005.46,3516.08,635.26,371.93,32.14,18.82,84.44000000000001,0
93-07,765.41,448.13,21.9564,6045.41,3539.47,670.89,392.79,30.64,17.94,82.6,0
94-04,754.37,450.91,17.8933,6159.47,3681.69,631.21,377.29,28.31,16.92,97.55000000000001,0
89-03,594.75,294.87,11.8137,4626.23,2293.62,786.67,390.02,40.88,20.27,228.84,0
84-11,383.1,163.58,9.8305,2784.5,1188.94,798.81,341.08,65.81,28.1,0,0
89-02,585.81,288.86,11.5729,4580.01,2258.39,785.95,387.55,36.93,18.21,203.52999999999997,0
12-08,1506.45,1406.58,16.261,14020.29,13090.84,1765.54,1648.5,103.32,96.47,22.96,0
95-10,933.31,581.5,17.1231,7632.55,4755.48,615.12,383.25,28.36,17.67,129.21,0
85-04,414.87,179.83,11.5202,2902.34,1258.06,749.91,325.06,66.46,28.81,0,0
18-09,0,0,0,1330.41,84.68,311.71,19.84,0,0,0,0
20-03,0,0,0,1287.28,102.81,258.31,20.63,0,0,0,0
18-08,0,0,0,1320.76,82.46,317.78,19.84,0,0,0,0
89-07,686.28,346.08,14.6087,5276.09,2660.66,743.45,374.91,36.35,18.33,181.37,0
89-06,632.14,317.98,12.6082,4850.84,2440.06,731.39,367.9,40.34,20.29,202.08999999999997,0
05-10,1494.28,1207.01,17.2603,12924.81,10440.07,581.74,469.9,74.03,59.8,96.03999999999999,0
05-11,1559.35,1249.48,17.8676,13485.73,10805.87,594.88,476.67,71.55,57.33,105.24,0
05-12,1564.11,1248.29,17.8506,13429.03,10717.5,639.16,510.1,76.51,61.06,96.71999999999997,0
60-11,459.7,55.54,16.9847,4943.19,597.22,292.26,35.31,24.58,2.97,0,0
60-10,441.91,53.39,16.3272,4803.64,580.36,292.26,35.31,24.58,2.97,0,0
60-12,480.98,58.11,17.7706,5097.72,615.89,292.26,35.31,24.58,2.97,0,0
07-05,1815.32,1530.62,18.0243,16162.38,13627.64,790.97,666.92,75.93,64.02,112.01000000000002,0
07-04,1768.47,1482.37,17.4561,15584.05,13062.91,810.49,679.37,78.48,65.78,100.35,0
80-10,370.81,127.47,8.6012,2689.34,924.49,1920.67,660.25,104.72,36.0,0,0
07-06,1779.97,1503.35,17.7031,15875.81,13408.62,776.1,655.49,83.44,70.47,114.43,0
07-01,1753.21,1438.24,17.2969,15385.84,12621.69,769.4,631.17,70.91,58.17,118.17000000000002,0
85-03,418.77,180.66,11.0226,2936.4,1266.78,705.76,304.47,65.46,28.24,0,0
07-03,1706.45,1420.86,17.0879,14837.57,12354.35,786.53,654.9,79.19,65.94,114.41999999999997,0
07-02,1705.07,1406.82,16.9191,14869.58,12268.63,805.68,664.75,74.88,61.78,107.64,0
17-12,2624.57,2624.57,0,24127.79,24127.79,1278.0,1278.0,57.69,57.69,0,17.22953507
17-11,2647.58,2647.58,0,24272.35,24272.35,1276.7,1276.7,57.4,57.4,34.057100000000005,332.77604819
97-12,1483.79,970.43,24.4318,12091.79,7908.3,441.25,288.59,26.99,17.65,126.39,0
58-05,376.31,44.09,15.0478,3949.14,462.7,301.37,35.31,26.2,3.07,0,0
70-06,462.28,72.72,13.1739,4345.2,683.53,232.41,36.56,21.3,3.35,0,0
06-11,1714.37,1400.63,17.1835,14959.64,12221.93,768.46,627.83,77.08,62.97,116.69999999999997,0
06-10,1683.84,1377.94,16.9052,14762.65,12080.73,715.82,585.78,71.76,58.72,117.91,0
92-09,729.48,417.8,23.1596,5712.39,3271.7,603.61,345.71,38.12,21.83,76.61999999999999,0
15-12,2131.83,2043.94,23.6212,18174.31,17425.03,1115.23,1069.25,38.73,37.13,22.739999999999995,0
85-02,421.61,181.18,11.0543,2987.89,1284.01,694.19,298.32,63.46,27.27,0,0
18-03,0,0,0,1346.27,76.41,349.56,19.84,0,0,0,0
03-01,1162.04,855.7,28.2223,10937.07,8053.81,484.62,356.86,45.51,33.51,32.6,0
11-07,1411.17,1292.28,14.8572,13260.42,12143.24,1761.94,1613.5,104.48,95.68,15.63,0
03-03,1135.71,848.18,27.9743,10701.46,7992.13,456.0,340.55,41.7,31.14,27.959999999999994,0
03-02,1133.03,841.15,27.7424,10629.28,7891.08,483.53,358.97,49.52,36.76,28.229999999999993,0
03-05,1295.06,963.59,27.8897,11894.75,8850.26,478.03,355.68,39.73,29.56,24.9,0
03-04,1230.51,916.92,26.5389,11380.28,8480.09,440.42,328.18,35.01,26.09,27.239999999999995,0
03-07,1328.01,990.31,25.669,12382.53,9233.8,470.68,350.99,40.98,30.56,27.649999999999995,0
03-06,1308.75,974.5,28.2055,12067.45,8985.44,478.58,356.35,40.49,30.15,22.990000000000002,0
03-09,1326.63,995.97,25.8157,12354.38,9275.06,504.76,378.95,38.88,29.19,29.76,0
03-08,1346.7,1008.01,26.1278,12579.54,9415.82,480.65,359.77,42.43,31.76,28.149999999999995,0
11-08,1327.37,1218.89,14.0135,12647.13,11613.53,1987.43,1825.0,96.71,88.81,17.129999999999995,0
11-09,1229.85,1131.42,13.0078,11862.84,10913.38,1760.94,1620.0,85.8,78.93,18.319999999999997,0
92-08,724.97,414.03,22.9507,5703.71,3257.4,600.02,342.67,37.58,21.46,74.79,0
08-12,1059.51,903.25,60.7023,10294.71,8776.39,1020.22,869.75,52.32,44.6,50.08,0
08-11,1040.53,896.24,60.2312,10250.52,8829.04,945.63,814.5,64.1,55.21,56.49999999999999,0
08-10,1103.41,968.75,65.1042,10621.19,9325.01,832.32,730.75,77.57,68.1,87.13,0
30-03,352.47,24.15,16.6552,4175.63,286.1,301.97,20.69,0,0,0,0
30-02,337.79,23.28,16.0552,3933.81,271.11,300.21,20.69,0,0,0,0
30-01,328.75,22.79,15.7172,3853.49,267.14,298.45,20.69,0,0,0,0
30-07,315.16,21.21,18.7699,3476.86,233.99,307.43,20.69,0,0,0,0
30-06,300.39,20.46,15.8605,3323.12,226.34,303.77,20.69,0,0,0,0
30-05,357.43,24.49,18.9845,4014.65,275.07,301.97,20.69,0,0,0,0
30-04,361.3,24.9,19.3023,4051.63,279.23,300.21,20.69,0,0,0,0
18-01,0,0,0,1406.0,79.8,349.56,19.84,0,0,0,0
30-09,276.23,18.59,16.4513,3044.61,204.9,307.43,20.69,0,0,0,0
30-08,319.46,21.37,18.9115,3594.04,240.42,309.29,20.69,0,0,0,0
18-05,0,0,0,1328.22,78.08,337.5,19.84,0,0,0,0
18-04,0,0,0,1346.43,77.51,344.64,19.84,0,0,0,0
18-07,0,0,0,1326.89,81.23,324.09,19.84,0,0,0,0
18-06,0,0,0,1385.69,82.58,332.92,19.84,0,0,0,0
99-01,1920.74,1279.64,33.3413,14047.6,9358.83,430.89,287.07,19.23,12.81,101.42000000000003,0
68-11,755.12,108.37,18.8142,6864.04,985.08,280.88,40.31,21.39,3.07,0,0
68-10,722.63,103.41,17.9531,6655.3,952.39,281.69,40.31,21.45,3.07,0,0
27-08,0,0,0,2721.78,189.79,297.58,20.75,0,0,0,0
68-12,721.62,103.86,18.0313,6557.18,943.75,280.07,40.31,21.33,3.07,0,0
73-11,515.69,95.96,11.7598,4418.77,822.25,511.71,95.22,23.16,4.31,0,0
73-10,585.74,108.29,13.2708,5174.14,956.58,541.33,100.08,23.31,4.31,0,0
95-03,815.66,500.71,15.3828,6772.88,4157.69,623.06,382.48,31.24,19.18,156.28,0
73-12,520.82,97.55,11.9547,4542.74,850.86,569.94,106.75,23.01,4.31,0,0
79-05,341.83,99.08,7.0873,2837.04,822.33,891.03,258.27,62.45,18.1,0,0
12-04,1498.56,1397.91,15.8998,14165.01,13213.63,1770.14,1651.25,112.44,104.89,19.950000000000006,0
26-01,0,0,0,2168.28,157.35,285.52,20.72,0,0,0,0
77-06,408.35,100.48,9.643,3723.84,916.3,572.01,140.75,56.49,13.9,0,0
77-07,399.75,98.85,9.2297,3599.44,890.07,580.03,143.43,56.21,13.9,0,0
77-04,404.69,98.44,9.4472,3810.49,926.9,613.24,149.17,57.14,13.9,0,0
77-05,393.23,96.12,9.2246,3676.42,898.66,599.33,146.5,56.86,13.9,0,0
77-02,416.65,99.82,9.9028,3908.62,936.42,569.83,136.52,58.02,13.9,0,0
77-03,408.05,98.42,9.7639,3810.71,919.13,615.18,148.38,57.63,13.9,0,0
77-01,430.16,102.03,10.122,4023.62,954.37,557.36,132.2,58.6,13.9,0,0
14-12,2161.85,2058.9,20.1241,18714.22,17823.07,1266.3,1206.0,56.12,53.45,12.66,0
58-01,359.66,41.7,13.2803,3881.42,450.02,304.55,35.31,26.48,3.07,0,0
77-09,387.76,96.53,9.0131,3402.84,847.11,601.55,149.75,59.65,14.85,0,0
98-01,1495.91,980.28,24.7921,12065.32,7906.5,441.24,289.15,26.26,17.21,119.81999999999998,0
22-08,0,0,0,1497.49,100.78,309.66,20.84,0,0,0,0
85-09,414.78,182.08,11.9554,3026.62,1328.63,735.27,322.77,64.44,28.29,0,0
22-04,0,0,0,1357.81,91.93,307.81,20.84,0,0,0,0
22-05,0,0,0,1418.36,96.03,307.81,20.84,0,0,0,0
22-06,0,0,0,1372.58,92.93,307.81,20.84,0,0,0,0
85-08,430.83,188.63,12.3854,3046.88,1334.01,753.65,329.97,63.4,27.76,0,0
33-11,184.63,9.88,22.4545,1833.94,98.14,494.64,26.47,0,0,0,0
33-10,167.44,8.96,20.3636,1647.45,88.16,494.64,26.47,0,0,0,0
22-02,0,0,0,1247.29,85.46,304.16,20.84,0,0,0,0
33-12,188.74,10.1,22.9545,1866.83,99.9,494.64,26.47,0,0,0,0
15-02,2211.83,2104.5,21.204,19057.47,18132.7,1275.91,1214.0,52.38,49.84,13.19,0
66-12,602.23,80.33,14.4739,5890.32,785.69,264.72,35.31,22.27,2.97,0,0
66-11,603.13,80.45,14.4955,5934.55,791.59,264.72,35.31,22.27,2.97,0,0
66-10,601.26,80.2,14.4505,6050.6,807.07,264.72,35.31,22.27,2.97,0,0
15-06,2133.26,2063.11,21.7375,18218.57,17619.51,1210.81,1171.0,61.5,59.48,16.969999999999995,0
15-07,2175.37,2103.84,23.2058,18291.32,17689.86,1135.75,1098.4,48.71,47.11,18.07,0
15-04,2175.19,2085.51,21.9736,18607.66,17840.52,1231.0,1180.25,62.18,59.62,13.949999999999996,0
15-05,2185.36,2107.39,22.2041,18677.08,18010.68,1235.48,1191.4,62.48,60.25,13.950000000000001,0
05-03,1506.43,1180.59,19.5721,13402.8,10503.76,554.19,434.32,70.58,55.31,77.36999999999999,0
15-08,2041.21,1972.18,21.7536,17106.51,16528.03,1174.73,1135.0,50.92,49.2,16.73,0
15-09,1991.07,1920.03,21.1784,16887.23,16284.7,1155.22,1114.0,46.73,45.06,18.740000000000002,0
78-12,350.13,96.11,7.7948,2932.65,805.01,756.65,207.7,54.1,14.85,0,0
05-02,1547.83,1203.6,19.9536,13845.37,10766.23,544.43,423.35,66.55,51.75,67.57,0
43-05,170.69,12.11,11.0091,2002.34,142.06,480.08,34.06,0,0,0,0
43-04,164.3,11.59,10.5364,1920.56,135.48,482.83,34.06,0,0,0,0
43-07,165.58,11.68,10.8148,1927.23,135.95,482.83,34.06,0,0,0,0
43-06,174.07,12.35,11.2273,2020.94,143.38,480.08,34.06,0,0,0,0
43-01,152.81,10.47,9.785,1832.84,125.58,497.11,34.06,0,0,0,0
75-12,400.8,90.19,11.3304,3788.11,852.41,619.09,139.31,49.6,11.16,0,0
43-03,166.07,11.58,10.8224,1958.55,136.57,488.45,34.06,0,0,0,0
43-02,160.55,11.0,10.2804,1898.96,130.11,497.11,34.06,0,0,0,0
88-11,561.09,273.7,11.5242,4334.75,2114.51,861.98,420.48,31.61,15.42,200.89999999999998,0
79-08,365.35,109.32,7.4723,2966.46,887.63,1007.78,301.55,88.56,26.5,0,0
78-08,385.99,103.29,8.9274,3276.68,876.82,771.2,206.37,55.49,14.85,0,0
98-06,1715.5,1133.84,29.0952,13544.41,8952.02,442.28,292.32,21.64,14.3,128.34000000000003,0
43-09,171.25,12.08,11.1852,1986.34,140.12,482.83,34.06,0,0,0,0
43-08,168.24,11.8,10.9259,1947.93,136.62,485.63,34.06,0,0,0,0
79-09,361.41,109.32,7.4723,2904.59,878.58,1181.6,357.41,94.22,28.5,0,0
23-08,0,0,0,1348.16,93.46,299.32,20.75,0,0,0,0
13-02,1608.59,1514.68,17.2712,14925.87,14054.49,1686.99,1588.5,97.74,92.03,15.239999999999998,0
97-01,1218.55,786.16,19.5368,10560.29,6813.09,548.5,353.87,37.43,24.15,130.42,0
85-01,419.97,179.63,10.9597,3008.47,1286.77,706.66,302.25,59.95,25.64,0,0
22-03,0,0,0,1315.27,89.05,307.81,20.84,0,0,0,0
98-08,1445.49,957.28,25.1321,11384.0,7539.07,429.01,284.11,20.07,13.29,114.55999999999999,0
01-10,1470.97,1059.78,42.9235,12596.29,9075.14,392.89,283.06,29.43,21.2,57.56000000000001,0
01-11,1583.84,1139.45,46.1503,13693.67,9851.56,383.86,276.16,27.05,19.46,52.269999999999996,0
88-10,572.45,278.97,11.7461,4409.03,2148.65,835.45,407.14,27.78,13.54,185.07999999999998,0
81-02,368.34,131.27,9.0034,2734.67,974.58,1400.36,499.06,106.63,38.0,0,0
45-10,226.91,16.65,17.3438,2542.98,186.6,476.98,35.0,0,0,0,0
45-11,234.27,17.19,17.9063,2609.22,191.46,476.98,35.0,0,0,0,0
45-12,235.28,17.36,18.0833,2614.51,192.91,474.36,35.0,0,0,0,0
69-09,619.15,93.12,15.8098,5406.24,813.09,278.46,41.88,22.27,3.35,0,0
69-08,636.77,95.51,16.2156,5578.41,836.72,279.21,41.88,22.33,3.35,0,0
13-03,1663.34,1569.19,17.8927,15453.25,14578.54,1694.15,1598.25,103.07,97.24,14.710000000000006,0
13-12,1955.56,1848.36,18.4467,17538.11,16576.66,1274.36,1204.5,103.86,98.17,11.57,0
13-11,1910.55,1805.81,18.0221,17019.42,16086.41,1325.67,1253.0,97.92,92.55,12.33,0
13-10,1854.91,1756.54,17.5303,16416.31,15545.75,1398.14,1324.0,101.68,96.29,14.209999999999994,0
42-11,136.4,9.29,9.0194,1681.09,114.5,500.07,34.06,0,0,0,0
42-10,139.13,9.42,9.1456,1684.81,114.07,503.07,34.06,0,0,0,0
69-03,693.62,101.51,17.4416,6392.13,935.48,286.17,41.88,22.21,3.25,0,0
42-12,142.59,9.77,9.4854,1742.64,119.4,497.11,34.06,0,0,0,0
69-05,701.04,103.46,17.7158,6352.91,937.56,283.78,41.88,22.7,3.35,0,0
69-04,704.57,103.69,17.7551,6456.47,950.18,284.57,41.88,22.76,3.35,0,0
69-07,615.54,91.83,15.5908,5466.1,815.47,280.72,41.88,22.46,3.35,0,0
69-06,658.47,97.71,16.7312,5884.43,873.19,282.23,41.88,22.58,3.35,0,0
08-04,1590.66,1385.59,26.9727,14717.51,12820.13,1044.34,909.7,130.53,113.7,62.22999999999999,0
14-08,2077.49,2003.37,18.9069,17731.09,17098.45,1333.32,1285.75,101.48,97.86,11.180000000000003,0
13-06,1696.23,1606.28,17.6611,15744.54,14909.6,1258.75,1192.0,101.76,96.36,13.689999999999996,0
82-09,303.46,120.42,8.8805,2258.55,896.25,1101.84,437.24,89.79,35.63,0,0
13-04,1695.02,1597.57,17.5654,15745.03,14839.8,1558.61,1469.0,98.91,93.22,15.070000000000004,0
49-10,166.94,16.04,6.9138,1972.73,189.54,331.81,31.88,26.75,2.57,0,0
49-11,166.45,16.06,6.9224,1985.22,191.55,330.4,31.88,26.64,2.57,0,0
49-12,175.18,16.76,7.2241,2091.76,200.13,333.21,31.88,26.86,2.57,0,0
04-10,1460.22,1130.2,19.3032,12955.49,10027.47,543.23,420.46,66.9,51.78,51.849999999999994,0
34-09,165.05,9.1,18.9583,1680.03,92.63,634.8,35.0,0,0,0,0
34-08,168.43,9.15,19.0625,1709.37,92.86,644.28,35.0,0,0,0,0
34-07,159.78,8.68,18.0833,1620.82,88.05,644.28,35.0,0,0,0,0
34-06,180.58,9.81,20.8723,1762.01,95.72,644.28,35.0,0,0,0,0
34-05,178.23,9.61,20.4468,1743.32,94.0,649.11,35.0,0,0,0,0
34-04,193.99,10.46,22.2553,1863.69,100.49,649.11,35.0,0,0,0,0
34-03,199.37,10.75,23.8889,1888.91,101.85,649.11,35.0,0,0,0,0
34-02,199.55,10.76,23.9111,1918.77,103.46,649.11,35.0,0,0,0,0
34-01,208.73,11.17,24.8222,2003.62,107.22,654.05,35.0,0,0,0,0
23-10,0,0,0,1262.26,88.53,295.85,20.75,0,0,0,0
69-11,617.08,93.81,16.2301,5343.31,812.3,275.49,41.88,22.04,3.35,0,0
65-09,702.23,89.96,18.0643,7264.11,930.58,275.63,35.31,22.79,2.92,0,0
65-08,680.45,87.17,17.504,6971.54,893.1,275.63,35.31,22.79,2.92,0,0
46-08,203.31,16.65,18.7079,2310.2,189.19,427.39,35.0,18.56,1.52,0,0
46-09,180.88,14.96,16.809,2084.73,172.42,423.19,35.0,18.38,1.52,0,0
46-06,243.11,18.43,21.9405,2712.33,205.62,461.69,35.0,16.75,1.27,0,0
46-07,223.75,17.96,20.1798,2511.03,201.56,436.03,35.0,15.82,1.27,0,0
46-04,251.5,18.76,22.3333,2771.96,206.77,469.21,35.0,17.03,1.27,0,0
46-05,255.73,19.18,22.8333,2830.33,212.28,466.66,35.0,16.93,1.27,0,0
46-02,235.49,17.28,19.2,2590.55,190.09,476.98,35.0,15.94,1.17,0,0
46-03,243.7,18.08,20.0889,2692.43,199.75,471.77,35.0,15.77,1.17,0,0
65-03,679.03,86.16,18.4103,7006.6,889.05,278.28,35.31,23.01,2.92,0,0
46-01,251.68,18.57,20.6333,2773.89,204.67,474.36,35.0,15.86,1.17,0,0
63-10,592.75,74.01,18.4104,6048.64,755.23,282.8,35.31,23.79,2.97,0,0
63-11,586.5,73.23,18.2164,6010.91,750.52,282.8,35.31,23.79,2.97,0,0
63-12,598.88,75.02,18.6617,6090.63,762.95,281.88,35.31,23.71,2.97,0,0
71-04,639.4,103.95,19.5395,5792.7,941.75,239.95,39.01,21.9,3.56,0,0
71-05,609.84,99.63,18.7274,5556.71,907.81,248.02,40.52,21.79,3.56,0,0
71-06,599.6,98.7,18.5526,5413.68,891.14,243.61,40.1,21.63,3.56,0,0
71-07,579.31,95.58,17.6022,5202.94,858.43,248.2,40.95,21.58,3.56,0,0
71-01,594.26,95.88,18.3678,5382.96,868.5,234.78,37.88,22.06,3.56,0,0
71-02,598.11,96.75,18.5345,5432.93,878.83,239.49,38.74,22.01,3.56,0,0
71-03,618.61,100.31,19.2165,5577.25,904.37,239.71,38.87,21.95,3.56,0,0
88-01,548.07,257.07,13.8284,4174.93,1958.22,1014.6,475.89,36.18,16.97,155.67,0
88-02,569.39,267.82,14.4067,4404.26,2071.62,938.67,441.52,33.97,15.98,152.51,0
88-03,548.07,258.89,13.9263,4208.72,1988.06,939.16,443.63,36.18,17.09,169.95,0
50-12,201.39,20.41,7.1866,2322.79,235.41,345.35,35.0,25.36,2.57,0,0
88-05,550.27,262.16,12.0978,4263.32,2031.12,946.94,451.14,36.82,17.54,164.1,0
50-10,195.83,19.53,6.8768,2256.18,225.01,350.95,35.0,25.77,2.57,0,0
50-11,194.83,19.51,6.8697,2272.81,227.6,349.51,35.0,25.66,2.57,0,0
88-08,542.13,261.52,11.5055,4211.61,2031.65,893.84,431.18,31.49,15.19,200.89,0
88-09,559.86,271.91,11.9626,4350.48,2112.91,848.35,412.02,27.45,13.33,195.94,0
03-11,1414.81,1058.2,21.7111,13079.15,9782.46,521.31,389.91,40.55,30.33,30.13,0
23-12,0,0,0,1361.92,95.52,295.85,20.75,0,0,0,0
61-12,588.28,71.55,22.4295,6011.43,731.14,290.32,35.31,24.42,2.97,0,0
61-10,564.19,68.62,21.511,5787.63,703.92,290.32,35.31,24.42,2.97,0,0
61-11,586.39,71.32,22.3574,5933.0,721.6,290.32,35.31,24.42,2.97,0,0
21-10,0,0,0,1031.89,73.21,291.63,20.69,0,0,0,0
96-07,1005.36,639.95,17.7764,8685.92,5528.91,602.6,383.58,32.14,20.46,142.05999999999997,0
23-02,0,0,0,1525.46,103.9,304.65,20.75,0,0,0,0
44-12,184.02,13.28,14.2796,2110.7,152.32,471.97,34.06,0,0,0,0
44-11,178.8,12.83,13.7957,2053.19,147.33,474.66,34.06,0,0,0,0
44-10,178.1,12.78,13.7419,2042.04,146.53,474.66,34.06,0,0,0,0
54-09,297.38,32.31,12.2852,3317.67,360.46,324.99,35.31,25.96,2.82,0,0
54-08,273.54,29.83,11.3422,3079.29,335.8,323.79,35.31,25.86,2.82,0,0
84-06,364.42,153.18,9.4556,2693.98,1132.4,897.12,377.1,71.3,29.97,0,0
84-07,356.91,150.66,9.0978,2642.1,1115.28,821.47,346.76,68.11,28.75,0,0
84-01,395.62,163.41,10.7084,2955.02,1220.58,897.71,370.8,71.88,29.69,0,0
84-02,378.36,157.06,10.2923,2781.5,1154.63,931.25,386.57,72.63,30.15,0,0
84-03,382.67,159.18,10.4312,2800.4,1164.89,947.49,394.13,73.95,30.76,0,0
54-01,239.15,26.08,10.2275,2681.22,292.39,323.79,35.31,25.86,2.82,0,0
96-06,1055.57,670.63,19.2103,8900.39,5654.63,606.05,385.04,32.93,20.92,122.97,0
54-03,247.04,26.94,10.5647,2783.19,303.51,323.79,35.31,25.86,2.82,0,0
54-02,239.8,26.15,10.2549,2700.93,294.54,323.79,35.31,25.86,2.82,0,0
54-05,267.67,29.19,11.1412,3003.08,327.49,323.79,35.31,25.86,2.82,0,0
54-04,260.11,28.26,10.7863,2939.11,319.33,324.99,35.31,25.96,2.82,0,0
54-07,283.17,30.88,11.7414,3190.43,347.92,323.79,35.31,25.86,2.82,0,0
54-06,267.86,29.21,11.1489,3058.47,333.53,323.79,35.31,25.86,2.82,0,0
92-03,714.93,403.69,24.9345,5730.07,3235.5,609.58,344.2,34.52,19.49,111.41999999999999,0
92-02,734.61,412.7,25.491,5816.51,3267.7,629.64,353.73,33.27,18.69,92.96999999999998,0
38-09,214.13,12.24,19.7419,2474.53,141.45,612.29,35.0,0,0,0,0
38-08,210.98,12.06,19.4516,2436.39,139.27,612.29,35.0,0,0,0,0
92-07,744.91,424.21,23.515,5959.51,3393.8,620.38,353.29,38.33,21.83,89.43000000000004,0
77-08,389.98,96.77,9.0355,3471.8,861.49,584.27,144.98,59.85,14.85,0,0
92-05,733.51,415.35,24.3607,5998.93,3396.9,595.51,337.21,39.08,22.13,87.01999999999998,0
92-04,733.63,414.95,24.3372,5938.89,3359.1,598.19,338.34,36.92,20.88,94.78,0
38-03,148.7,8.5,8.7629,1731.03,98.95,612.29,35.0,0,0,0,0
38-02,198.38,11.34,11.6907,2267.92,129.64,612.29,35.0,0,0,0,0
38-01,185.7,10.69,11.0206,2117.0,121.87,607.99,35.0,0,0,0,0
51-01,210.34,21.66,7.6537,2416.39,248.83,339.89,35.0,24.96,2.57,0,0
38-07,216.93,12.4,20.0,2471.03,141.25,612.29,35.0,0,0,0,0
38-06,202.23,11.56,15.013,2342.1,133.88,612.29,35.0,0,0,0,0
38-05,162.17,9.27,12.039,1884.8,107.74,612.29,35.0,0,0,0,0
38-04,168.5,9.7,12.5974,1933.04,111.28,607.99,35.0,0,0,0,0
13-08,1722.78,1632.97,17.3039,15624.88,14810.31,1471.46,1394.75,113.92,107.98,14.049999999999999,0
25-10,0,0,0,2169.14,155.65,289.17,20.75,0,0,0,0
13-07,1780.13,1685.73,17.863,16367.51,15499.54,1388.11,1314.5,110.99,105.1,15.719999999999995,0
91-02,671.74,367.07,17.5296,5274.39,2882.18,665.92,363.89,35.28,19.28,138.3,0
27-09,0,0,0,2817.24,197.59,295.85,20.75,0,0,0,0
96-05,1053.86,669.12,19.167,8888.01,5643.18,617.34,391.96,31.14,19.77,124.13999999999997,0
41-10,153.16,9.5,8.1897,1899.49,117.82,549.12,34.06,0,0,0,0
41-11,145.75,9.1,7.8448,1829.62,114.23,545.54,34.06,0,0,0,0
41-12,138.29,8.69,7.4914,1765.82,110.96,542.03,34.06,0,0,0,0
58-12,471.22,55.21,19.1038,4981.45,583.65,301.37,35.31,25.61,3.0,0,0
58-10,438.1,51.33,17.7612,4636.38,543.22,301.37,35.31,26.2,3.07,0,0
58-11,446.39,52.48,18.1592,4741.75,557.46,300.35,35.31,25.52,3.0,0,0
80-08,362.37,122.38,8.3593,2761.4,932.59,1857.49,627.32,112.52,38.0,0,0
80-09,368.35,125.46,8.5697,2737.59,932.42,1981.33,674.84,105.7,36.0,0,0
13-09,1770.67,1681.55,17.8187,15931.54,15129.67,1396.8,1326.5,107.79,102.36,13.740000000000007,0
53-12,227.51,24.81,9.8845,2575.85,280.9,320.95,35.0,25.86,2.82,0,0
53-11,227.05,24.76,9.8645,2580.16,281.37,320.95,35.0,25.86,2.82,0,0
53-10,224.2,24.54,9.7769,2519.8,275.81,319.76,35.0,25.76,2.82,0,0
72-12,685.16,118.05,18.3879,5920.2,1020.02,370.93,63.91,20.66,3.56,0,0
80-05,335.39,111.24,7.4458,2565.31,850.85,1554.56,515.61,119.09,39.5,0,0
72-10,650.62,111.58,17.3801,5571.64,955.52,378.2,64.86,20.76,3.56,0,0
72-11,678.79,116.67,18.1729,5923.95,1018.21,366.01,62.91,20.71,3.56,0,0
59-02,472.92,55.41,17.8167,5150.87,603.5,301.37,35.31,25.61,3.0,0,0
59-03,473.18,55.44,17.8264,5135.59,601.71,301.37,35.31,25.35,2.97,0,0
59-01,471.66,55.45,17.8296,5052.22,593.96,300.35,35.31,25.52,3.0,0,0
59-06,495.59,58.47,17.1971,5455.15,643.6,299.29,35.31,25.17,2.97,0,0
59-07,511.13,60.51,17.6414,5700.71,674.88,298.26,35.31,25.09,2.97,0,0
59-04,489.86,57.59,16.9382,5305.62,623.75,300.35,35.31,25.26,2.97,0,0
59-05,499.13,58.68,17.2588,5476.08,643.79,300.35,35.31,25.26,2.97,0,0
59-08,503.44,59.6,17.3761,5612.27,664.41,298.26,35.31,25.09,2.97,0,0
59-09,478.87,56.88,16.5831,5318.11,631.68,297.27,35.31,25.0,2.97,0,0
22-01,0,0,0,1186.57,81.3,304.16,20.84,0,0,0,0
58-08,407.55,47.75,16.5799,4341.16,508.63,301.37,35.31,26.2,3.07,0,0
22-07,0,0,0,1424.89,97.05,305.97,20.84,0,0,0,0
41-09,166.62,10.2,8.5714,2071.6,126.82,556.37,34.06,0,0,0,0
26-06,0,0,0,2132.77,153.04,288.75,20.72,0,0,0,0
41-08,170.52,10.3,8.6555,2114.07,127.7,563.86,34.06,0,0,0,0
83-05,403.86,162.39,12.8983,2984.35,1199.98,1087.86,437.42,74.61,30.0,0,0
57-08,394.14,45.22,13.0317,4221.59,484.35,305.06,35.0,26.76,3.07,0,0
57-09,369.73,42.42,12.2248,3977.11,456.3,305.06,35.0,26.76,3.07,0,0
98-03,1675.76,1101.75,27.8642,13384.51,8799.81,450.12,295.94,23.96,15.75,127.49000000000002,0
98-02,1599.19,1049.34,26.5387,13023.68,8545.72,453.37,297.49,23.53,15.44,113.78999999999999,0
98-05,1652.59,1090.82,27.9913,13483.42,8899.95,453.14,299.1,23.04,15.21,112.11999999999996,0
98-04,1687.64,1111.75,28.5284,13758.2,9063.37,467.98,308.29,23.62,15.56,117.27999999999999,0
98-07,1693.33,1120.67,29.4216,13422.65,8883.29,442.53,292.87,21.56,14.27,133.65,0
58-04,370.76,43.44,14.8259,3890.77,455.86,301.37,35.31,26.2,3.07,0,0
98-09,1533.65,1017.01,26.7002,11826.67,7842.62,435.78,288.98,24.41,16.19,116.83000000000001,0
57-01,399.66,44.72,13.1529,4282.25,479.16,312.8,35.0,25.2,2.82,0,0
57-02,385.23,43.26,12.7235,4137.44,464.62,311.68,35.0,27.34,3.07,0,0
57-03,391.39,44.11,12.9735,4212.99,474.81,310.56,35.0,27.24,3.07,0,0
57-04,404.39,45.74,13.3743,4370.64,494.36,309.44,35.0,27.14,3.07,0,0
57-05,417.81,47.43,13.8684,4447.93,504.93,308.32,35.0,27.04,3.07,0,0
57-06,415.81,47.37,13.8509,4417.88,503.29,307.23,35.0,26.95,3.07,0,0
57-07,417.58,47.91,13.8069,4432.26,508.52,305.06,35.0,26.76,3.07,0,0
04-12,1570.65,1211.92,20.6989,13974.78,10783.01,572.94,442.08,56.19,43.36,63.32999999999999,0
04-11,1515.4,1173.82,20.0482,13462.57,10428.02,567.24,439.38,63.47,49.16,61.68999999999999,0
58-06,386.12,45.24,15.4403,4081.27,478.18,301.37,35.31,26.2,3.07,0,0
15-03,2160.95,2067.89,20.8352,18576.05,17776.12,1240.42,1187.0,49.87,47.72,15.399999999999995,0
35-08,203.82,11.32,14.8947,2302.66,127.89,630.18,35.0,0,0,0,0
11-12,1374.56,1257.6,14.4635,13353.79,12217.56,1673.38,1531.0,108.02,98.83,22.0,0
65-06,656.64,84.12,17.3802,6775.84,868.03,275.63,35.31,22.79,2.92,0,0
83-04,411.4,164.43,13.0604,3067.95,1226.2,1083.32,432.98,76.59,30.61,0,0
41-02,173.54,9.92,9.3585,2133.74,121.97,595.85,34.06,0,0,0,0
15-01,2104.71,1994.99,20.1007,18109.02,17164.95,1329.56,1260.25,50.42,47.79,13.049999999999994,0
58-03,360.59,42.1,13.4076,3826.5,446.76,302.43,35.31,26.29,3.07,0,0
26-11,0,0,0,2181.68,156.55,288.75,20.72,0,0,0,0
02-06,1357.04,989.82,37.0165,12672.51,9243.26,440.34,321.18,36.73,26.79,43.54,0
02-07,1248.92,911.62,30.3469,11969.13,8736.59,429.21,313.29,37.02,27.02,49.3,0
02-04,1477.53,1076.92,40.2737,13646.21,9946.22,415.28,302.68,37.48,27.32,58.650000000000006,0
02-05,1464.12,1067.14,39.908,13617.44,9925.25,431.6,314.58,34.81,25.37,58.27000000000001,0
02-02,1535.03,1106.73,44.8069,14017.2,10106.13,409.86,295.5,30.21,21.78,48.91,0
02-03,1583.4,1147.39,46.453,14357.44,10403.94,405.8,294.06,36.17,26.21,56.940000000000005,0
02-01,1574.37,1130.2,45.7571,13818.56,9920.0,392.14,281.51,27.46,19.71,51.83,0
70-05,489.15,76.55,13.8678,4475.81,700.44,233.62,36.56,21.41,3.35,0,0
83-07,401.36,162.56,12.2226,2960.87,1199.22,1043.4,422.6,78.17,31.66,0,0
70-04,522.3,81.52,14.7681,4716.0,736.07,234.24,36.56,21.46,3.35,0,0
02-08,1250.44,916.07,30.495,11825.68,8663.5,423.49,310.25,39.54,28.97,39.519999999999996,0
02-09,1111.23,815.28,27.1398,10347.8,7591.93,434.99,319.14,41.69,30.59,39.36,0
10-02,1256.91,1104.49,18.1272,11750.15,10325.26,1261.19,1108.25,90.72,79.72,17.029999999999998,0
19-12,0,0,0,1399.46,107.23,261.41,20.03,0,0,0,0
24-06,0,0,0,1398.33,96.37,301.52,20.78,0,0,0,0
24-09,0,0,0,1488.08,103.16,299.75,20.78,0,0,0,0
96-02,1019.56,640.43,18.814,8733.11,5485.62,644.01,404.53,31.19,19.59,106.91999999999997,0
72-05,649.4,109.53,18.3467,5696.11,960.72,323.84,54.62,21.11,3.56,0,0
72-04,639.99,107.67,18.0352,5671.59,954.17,291.43,49.03,21.16,3.56,0,0
11-05,1468.96,1345.2,16.0391,13726.21,12569.79,1674.04,1533.0,112.15,102.7,14.790000000000004,0
80-11,405.4,140.52,9.4818,2865.79,993.34,1798.31,623.33,103.86,36.0,0,0
72-07,632.2,107.39,17.4902,5443.94,924.74,386.54,65.66,20.96,3.56,0,0
64-11,667.42,84.42,18.5538,6921.15,875.43,279.16,35.31,23.09,2.92,0,0
64-10,673.02,84.86,18.6505,6924.4,873.08,280.04,35.31,23.16,2.92,0,0
64-12,670.03,84.75,18.6264,6910.87,874.13,279.16,35.31,23.09,2.92,0,0
27-03,0,0,0,2282.42,160.08,295.85,20.75,0,0,0,0
72-01,623.85,103.94,17.8898,5414.82,902.17,274.59,45.75,21.37,3.56,0,0
74-09,309.76,63.54,6.9748,2963.37,607.87,738.17,151.42,49.29,10.11,0,0
80-12,388.0,135.76,9.1606,2755.08,963.99,1697.19,593.84,105.75,37.0,0,0
60-06,474.31,56.92,17.4601,5338.29,640.62,294.24,35.31,24.75,2.97,0,0
60-07,462.56,55.51,16.9755,5139.21,616.73,294.24,35.31,24.75,2.97,0,0
60-04,454.59,54.37,16.6779,5030.81,601.7,295.23,35.31,24.83,2.97,0,0
60-05,466.79,55.83,17.1258,5229.81,625.5,295.23,35.31,24.83,2.97,0,0
60-02,470.85,56.12,16.5546,5286.71,630.12,296.25,35.31,24.92,2.97,0,0
60-03,464.3,55.34,16.3245,5173.19,616.59,296.25,35.31,24.92,2.97,0,0
11-02,1479.85,1327.22,16.323,13632.37,12226.34,1573.27,1411.0,108.27,97.1,15.879999999999999,0
60-01,468.18,55.61,16.4041,5241.84,622.62,297.27,35.31,25.0,2.97,0,0
62-04,532.88,65.24,18.8012,5434.42,665.33,288.41,35.31,24.26,2.97,0,0
55-01,338.39,36.63,12.375,3776.77,408.83,326.19,35.31,26.05,2.82,0,0
07-12,1723.85,1468.36,22.1874,15572.9,13264.82,942.96,803.2,112.65,95.95,84.02000000000001,0
60-08,474.65,56.96,17.419,5216.37,625.99,294.24,35.31,24.75,2.97,0,0
60-09,445.98,53.52,16.367,4834.31,580.14,294.24,35.31,24.75,2.97,0,0
27-02,0,0,0,2295.94,161.96,294.15,20.75,0,0,0,0
17-08,2484.01,2471.65,0,22057.84,21948.1,1328.81,1322.2,47.47,47.23,37.9574,223.33272291000003
62-06,447.2,54.75,15.7781,4584.54,561.28,288.41,35.31,24.26,2.97,0,0
25-05,0,0,0,1852.83,129.95,295.85,20.75,0,0,0,0
17-04,2405.66,2384.2,22.9206,21128.97,20940.51,1279.71,1268.3,49.77,49.33,30.1889,102.24581588999999
17-05,2431.09,2411.8,23.1859,21176.72,21008.65,1285.6,1275.4,48.71,48.32,36.7398,153.80131587
17-06,2440.37,2423.41,23.2975,21499.08,21349.63,1251.0,1242.3,46.36,46.04,38.109700000000004,191.77070166000001
62-07,474.05,58.23,16.4958,4867.75,597.93,287.46,35.31,24.18,2.97,0,0
17-01,2315.33,2278.87,22.7228,20181.92,19864.09,1230.78,1211.4,53.65,52.81,35.8665,32.415145419999995
17-02,2394.37,2363.64,23.5681,21082.8,20812.24,1270.2,1253.9,54.71,54.01,34.479099999999995,77.29617701999999
17-03,2391.07,2362.72,23.5589,20911.18,20663.22,1266.21,1251.2,51.21,50.6,41.558899999999994,131.48921536
06-02,1589.3,1280.66,17.623,13642.82,10993.41,688.76,555.0,76.16,61.37,101.56,0
74-03,484.94,93.98,11.2416,4368.87,846.68,869.87,168.58,52.17,10.11,0,0
96-12,1151.85,740.74,19.1257,10027.06,6448.27,573.72,368.95,40.27,25.9,115.25000000000003,0
06-01,1592.42,1280.08,17.615,13515.89,10864.86,684.03,549.86,84.42,67.86,101.72,0
06-06,1544.56,1270.2,17.052,13558.67,11150.22,724.92,596.15,89.91,73.94,123.15999999999998,0
06-07,1547.31,1276.66,16.2487,13557.04,11185.68,768.06,633.71,90.37,74.56,118.89000000000003,0
06-04,1604.19,1310.61,17.5944,13913.38,11367.14,747.44,610.65,87.88,71.8,95.91999999999999,0
74-02,502.85,96.22,11.5096,4497.13,860.53,790.28,151.22,52.83,10.11,0,0
06-08,1577.62,1303.82,16.5944,13771.19,11381.15,765.12,632.33,85.16,70.38,120.89999999999998,0
06-09,1624.39,1335.85,17.002,14201.75,11679.07,727.24,598.06,76.49,62.9,112.94999999999999,0
00-09,2039.84,1436.51,26.7507,15124.31,10650.92,388.63,273.68,43.84,30.87,143.6,0
36-05,259.27,14.4,16.3636,2748.28,152.64,630.18,35.0,0,0,0,0
36-04,247.93,13.77,15.6477,2622.79,145.67,630.18,35.0,0,0,0,0
36-07,281.27,15.85,16.8617,2925.61,164.86,621.11,35.0,0,0,0,0
36-06,265.25,14.84,16.8636,2818.55,157.69,625.59,35.0,0,0,0,0
36-01,255.78,14.31,18.1139,2671.98,149.49,625.59,35.0,0,0,0,0
62-12,511.99,63.1,17.1935,5291.14,652.1,286.51,35.31,24.1,2.97,0,0
36-03,268.63,14.92,18.8861,2814.9,156.34,630.18,35.0,0,0,0,0
36-02,260.07,14.55,18.4177,2719.53,152.15,625.59,35.0,0,0,0,0
95-11,972.22,605.37,17.826,8149.63,5074.49,618.62,385.19,29.34,18.27,124.80999999999995,0
95-06,880.86,544.75,15.822,7367.21,4556.1,626.72,387.58,28.1,17.38,128.63,0
99-11,2036.14,1388.91,28.8335,15946.87,10877.81,429.8,293.18,36.46,24.87,135.76999999999998,0
95-12,989.8,615.93,18.1369,8223.21,5117.12,622.47,387.35,31.4,19.54,104.57999999999998,0
36-09,282.08,16.01,17.0319,2956.82,167.82,616.67,35.0,0,0,0,0
36-08,281.73,15.99,17.0106,2929.86,166.29,616.67,35.0,0,0,0,0
95-07,908.85,562.06,15.9767,7613.6,4708.47,624.47,386.19,28.49,17.62,122.69999999999997,0
08-08,1444.47,1282.83,27.918,12998.5,11543.96,940.21,835.0,130.11,115.55,64.71999999999998,0
08-09,1314.49,1166.36,25.3832,12228.69,10850.66,1001.34,888.5,113.49,100.7,74.16999999999999,0
95-04,835.89,514.71,14.9495,7017.74,4321.27,634.81,390.89,33.06,20.36,119.55,0
72-06,633.73,107.14,17.9464,5495.21,929.03,367.26,62.09,21.06,3.56,0,0
08-01,1611.52,1378.55,22.8275,14788.27,12650.36,1039.94,889.6,107.16,91.67,75.72,0
08-02,1550.18,1330.63,22.0339,14290.34,12266.39,1074.48,922.3,118.57,101.78,58.900000000000006,0
74-04,464.1,90.31,10.333,4300.06,836.75,884.52,172.12,51.96,10.11,0,0
62-03,569.96,69.55,20.638,5793.46,706.95,289.37,35.31,24.34,2.97,0,0
08-05,1595.03,1400.38,27.2607,14395.05,12638.32,1014.29,890.51,145.05,127.35,60.67,0
08-06,1442.56,1280.0,24.9173,12791.46,11350.01,1048.11,930.0,157.73,139.96,71.77999999999999,0
08-07,1420.73,1267.38,27.5817,12754.76,11378.02,1031.32,920.0,139.19,124.17,75.52000000000001,0
26-03,0,0,0,1946.35,140.46,287.12,20.72,0,0,0,0
10-12,1414.85,1257.64,16.2591,13024.7,11577.51,1581.19,1405.5,102.8,91.38,16.429999999999996,0
18-12,0,0,0,1228.81,82.2,296.59,19.84,0,0,0,0
18-10,0,0,0,1318.22,85.51,305.85,19.84,0,0,0,0
18-11,0,0,0,1224.71,80.93,300.24,19.84,0,0,0,0
30-10,253.24,16.94,17.4639,2740.9,183.35,309.29,20.69,0,0,0,0
30-11,249.21,16.57,17.0825,2758.19,183.39,311.18,20.69,0,0,0,0
30-12,235.02,15.34,15.8144,2521.53,164.58,316.99,20.69,0,0,0,0
11-01,1440.45,1286.12,15.8175,13318.96,11891.93,1486.24,1327.0,101.91,90.99,15.619999999999996,0
82-06,278.74,109.61,7.7354,2064.74,811.93,800.51,314.79,89.18,35.07,0,0
65-04,700.05,89.11,18.4112,7245.67,922.31,277.4,35.31,22.94,2.92,0,0
00-12,1872.16,1320.28,26.4056,15297.37,10787.99,384.92,271.45,37.89,26.72,118.52000000000002,0
68-08,696.77,98.86,17.4664,6315.08,896.01,284.1,40.31,21.64,3.07,0,0
68-09,721.46,102.67,18.1396,6575.8,935.79,283.26,40.31,21.57,3.07,0,0
37-11,188.99,11.11,9.8319,2100.52,123.48,595.39,35.0,0,0,0,0
37-10,208.82,12.36,10.9381,2334.38,138.17,591.33,35.0,0,0,0,0
68-04,698.79,97.46,17.4973,6540.62,912.22,289.02,40.31,22.01,3.07,0,0
37-12,180.71,10.55,9.3363,2070.04,120.85,599.52,35.0,0,0,0,0
68-02,644.46,89.36,16.4265,6061.69,840.5,290.72,40.31,22.14,3.07,0,0
68-03,648.63,90.2,16.5809,6045.26,840.67,289.87,40.31,22.08,3.07,0,0
68-01,667.26,92.24,16.9559,6188.47,855.47,291.6,40.31,22.21,3.07,0,0
73-02,642.16,111.68,16.4235,5491.65,955.07,426.65,74.2,20.47,3.56,0,0
73-03,635.33,111.52,16.4,5417.9,951.01,481.17,84.46,20.28,3.56,0,0
73-01,671.81,116.03,17.0632,5784.33,999.02,377.16,65.14,20.61,3.56,0,0
73-06,581.88,104.26,14.4205,4976.63,891.71,670.84,120.2,19.87,3.56,0,0
73-07,602.57,108.22,14.0728,5158.2,926.4,667.71,119.92,19.82,3.56,0,0
73-04,605.13,106.97,14.7953,5212.53,921.43,512.02,90.51,20.14,3.56,0,0
73-05,589.71,104.95,14.5159,5065.02,901.41,576.28,102.56,20.0,3.56,0,0
91-09,697.37,387.86,21.7654,5424.15,3016.77,627.29,348.88,40.01,22.25,124.97999999999998,0
73-08,570.14,104.25,13.5566,4854.12,887.57,582.89,106.58,23.57,4.31,0,0
73-09,591.7,108.43,14.1001,5168.32,947.1,560.27,102.67,23.52,4.31,0,0
26-02,0,0,0,2131.49,154.68,285.52,20.72,0,0,0,0
26-08,0,0,0,2303.74,162.51,293.73,20.72,0,0,0,0
52-03,228.57,24.37,10.1542,2527.27,269.46,325.36,34.69,24.1,2.57,0,0
65-07,665.46,85.25,17.1185,6882.86,881.74,275.63,35.31,22.79,2.92,0,0
94-07,761.63,458.26,16.7677,6256.6,3764.5,640.65,385.47,33.74,20.3,121.45,0
94-06,740.6,444.27,17.6298,6042.81,3624.96,642.8,385.6,32.29,19.37,122.52999999999999,0
94-01,812.48,481.61,21.207,6711.49,3978.36,652.13,386.56,25.71,15.24,75.05,0
99-10,1998.06,1362.93,28.2942,15729.97,10729.86,455.52,310.72,31.94,21.79,130.83000000000004,0
94-03,747.11,445.77,19.6288,6093.87,3635.96,643.72,384.08,24.77,14.78,105.92000000000002,0
94-02,785.26,467.14,20.5698,6441.63,3832.02,641.97,381.9,24.37,14.5,81.84,0
27-06,0,0,0,2329.71,166.23,290.81,20.75,0,0,0,0
94-09,763.93,462.71,16.9305,6345.11,3843.19,646.76,391.74,30.31,18.36,132.07999999999998,0
94-08,786.94,475.49,17.3981,6476.71,3913.42,629.56,380.4,29.13,17.6,127.20000000000003,0
10-10,1334.72,1183.26,15.2975,12541.66,11118.49,1519.13,1346.75,91.88,81.45,16.179999999999996,0
70-07,493.67,78.05,14.5616,4643.31,734.12,231.24,36.56,20.94,3.31,0,0
48-12,155.57,15.2,6.6376,1814.67,177.3,358.23,35.0,26.3,2.57,0,0
48-11,150.35,14.75,6.441,1745.04,171.2,356.76,35.0,26.2,2.57,0,0
48-10,167.2,16.54,7.2227,1906.76,188.62,353.82,35.0,25.98,2.57,0,0
70-03,578.74,89.63,15.9201,5072.43,785.57,236.07,36.56,21.63,3.35,0,0
70-02,580.94,89.5,15.897,5047.34,777.59,237.31,36.56,21.74,3.35,0,0
33-08,207.24,11.09,25.7907,1913.74,102.41,494.64,26.47,0,0,0,0
33-09,183.69,9.83,22.8605,1771.9,94.82,494.64,26.47,0,0,0,0
33-06,211.89,10.91,25.3721,1906.08,98.14,514.1,26.47,0,0,0,0
33-07,187.35,9.95,23.1395,1709.11,90.77,498.4,26.47,0,0,0,0
33-04,162.87,8.32,19.3488,1520.27,77.66,518.18,26.47,0,0,0,0
33-05,188.71,9.64,22.4186,1724.84,88.11,518.18,26.47,0,0,0,0
33-02,109.93,5.66,13.4762,998.1,51.39,514.1,26.47,0,0,0,0
33-03,114.52,5.85,13.9286,1084.51,55.4,518.18,26.47,0,0,0,0
70-09,530.42,84.3,15.7276,4786.2,760.68,230.04,36.56,20.83,3.31,0,0
33-01,132.7,6.94,16.5238,1164.47,60.9,506.13,26.47,0,0,0,0
66-08,581.57,77.1,13.9927,5946.98,788.41,266.34,35.31,22.03,2.92,0,0
66-09,577.49,76.56,13.8947,5839.94,774.22,266.34,35.31,22.4,2.97,0,0
66-04,695.43,91.06,16.6777,7130.51,933.68,269.66,35.31,22.3,2.92,0,0
66-05,657.77,86.13,15.7747,6751.64,884.07,269.66,35.31,22.3,2.92,0,0
66-06,645.13,84.74,15.5201,6624.07,870.1,268.82,35.31,22.23,2.92,0,0
66-07,634.52,83.6,15.1724,6431.61,847.38,268.0,35.31,22.16,2.92,0,0
10-11,1330.48,1180.55,15.2624,12403.78,11006.02,1559.2,1383.5,94.8,84.12,16.819999999999997,0
66-01,720.47,92.88,17.3933,7629.09,983.51,273.9,35.31,22.65,2.92,0,0
66-02,703.12,91.22,17.0824,7337.17,951.89,272.17,35.31,22.51,2.92,0,0
66-03,685.64,89.23,16.7097,7105.93,924.77,271.32,35.31,22.44,2.92,0,0
32-09,148.74,8.08,17.5652,1317.28,71.56,382.52,20.78,0,0,0,0
75-02,383.31,81.59,9.6556,3472.06,739.05,844.37,179.73,52.43,11.16,0,0
75-03,390.21,83.36,9.8651,3595.71,768.15,833.41,178.04,52.24,11.16,0,0
43-12,165.43,11.67,12.4149,1926.38,135.89,482.83,34.06,0,0,0,0
75-05,422.66,91.15,11.451,3859.33,832.29,775.63,167.27,51.75,11.16,0,0
43-10,168.98,11.92,12.6809,1960.12,138.27,482.83,34.06,0,0,0,0
32-08,153.29,8.39,18.2391,1336.71,73.16,379.67,20.78,0,0,0,0
75-08,394.7,86.88,11.1959,3794.95,835.34,739.15,162.7,50.7,11.16,0,0
75-09,378.92,83.87,10.808,3586.75,793.88,649.82,143.83,50.42,11.16,0,0
89-01,605.95,297.47,11.9179,4771.31,2342.32,822.07,403.57,34.63,17.0,205.37,0
86-08,568.84,252.93,17.0323,4269.37,1898.34,848.68,377.36,35.83,15.93,125.79999999999998,0
65-01,692.25,87.56,18.7094,7138.01,902.86,279.16,35.31,23.09,2.92,0,0
89-05,638.48,320.52,12.709,4940.46,2480.15,738.28,370.62,39.7,19.93,206.21999999999997,0
89-04,620.52,309.64,12.2776,4847.28,2418.8,770.28,384.37,40.84,20.38,212.32999999999998,0
97-11,1458.9,955.4,24.0534,11945.87,7823.1,466.57,305.55,29.21,19.13,119.90000000000002,0
27-04,0,0,0,2347.44,164.64,295.85,20.75,0,0,0,0
26-07,0,0,0,2257.74,160.18,292.05,20.72,0,0,0,0
31-12,137.19,8.12,13.3115,1316.12,77.9,381.66,22.59,0,0,0,0
31-11,159.41,9.5,15.5738,1575.14,93.87,379.06,22.59,0,0,0,0
31-10,174.32,10.53,17.2623,1745.39,105.43,373.98,22.59,0,0,0,0
47-09,162.04,15.11,9.7484,1903.4,177.49,375.34,35.0,20.05,1.87,0,0
47-08,167.95,15.32,9.8839,1960.73,178.85,383.71,35.0,20.5,1.87,0,0
79-06,351.13,102.91,7.3612,2872.84,841.98,952.77,279.24,65.17,19.1,0,0
79-07,350.25,103.81,7.0957,2855.82,846.42,994.86,294.86,73.38,21.75,0,0
78-09,380.32,102.54,8.8626,3211.33,865.82,787.38,212.29,55.08,14.85,0,0
79-02,343.72,96.28,7.2391,2887.49,808.82,878.79,246.16,56.58,15.85,0,0
79-03,359.02,101.59,7.6383,3046.94,862.18,854.66,241.84,56.01,15.85,0,0
47-01,179.67,15.66,12.3307,2070.19,180.44,401.56,35.0,18.59,1.62,0,0
85-06,439.72,191.85,12.2902,3060.87,1335.46,725.17,316.39,62.2,27.14,0,0
47-03,170.86,15.17,11.9449,1995.8,177.2,394.21,35.0,18.25,1.62,0,0
47-02,177.03,15.43,12.1496,2052.52,178.9,401.56,35.0,18.59,1.62,0,0
47-05,162.75,14.45,10.0347,1906.26,169.25,394.21,35.0,21.06,1.87,0,0
47-04,164.21,14.58,10.125,1921.92,170.64,394.21,35.0,21.06,1.87,0,0
47-07,175.11,15.76,10.1677,2035.31,183.18,388.89,35.0,20.78,1.87,0,0
47-06,170.53,15.21,10.5625,1987.89,177.3,392.42,35.0,20.97,1.87,0,0
81-03,379.03,136.0,9.3278,2797.79,1003.87,1393.14,499.87,105.91,38.0,0,0
78-07,377.95,100.68,8.7018,3236.96,862.27,710.44,189.25,55.75,14.85,0,0
42-08,128.86,8.62,9.1702,1589.53,106.33,509.16,34.06,0,0,0,0
42-09,132.3,8.85,9.4149,1631.09,109.11,509.16,34.06,0,0,0,0
81-07,352.57,130.92,8.5737,2564.65,952.34,1100.39,408.61,96.95,36.0,0,0
81-06,357.28,131.21,8.7415,2660.04,976.88,1250.81,459.35,98.03,36.0,0,0
81-05,364.22,132.59,8.8334,2724.34,991.75,1316.83,479.37,104.39,38.0,0,0
81-04,367.62,132.81,8.8481,2761.77,997.75,1370.52,495.13,105.18,38.0,0,0
42-02,134.11,8.59,8.2596,1667.21,106.79,531.74,34.06,0,0,0,0
42-03,123.48,8.01,7.7019,1534.35,99.53,525.07,34.06,0,0,0,0
69-10,642.25,97.12,16.8028,5660.66,855.99,276.95,41.88,22.15,3.35,0,0
42-01,138.41,8.81,8.4712,1714.23,109.11,535.12,34.06,0,0,0,0
42-06,125.6,8.3,8.4694,1563.84,103.34,515.43,34.06,0,0,0,0
42-07,128.74,8.56,9.1064,1590.03,105.72,512.26,34.06,0,0,0,0
42-04,117.36,7.66,7.8163,1460.86,95.35,521.83,34.06,0,0,0,0
42-05,123.33,8.15,8.3163,1526.62,100.88,515.43,34.06,0,0,0,0
56-08,429.25,47.51,13.7312,4535.93,502.04,319.03,35.31,25.48,2.82,0,0
96-03,1022.47,645.5,18.963,8850.03,5587.14,627.5,396.15,33.95,21.43,116.91999999999999,0
78-03,347.12,89.21,8.1694,2946.89,757.36,714.7,183.68,57.78,14.85,0,0
78-02,341.37,87.04,7.9707,2910.59,742.12,699.33,178.31,58.24,14.85,0,0
21-11,0,0,0,1095.8,77.3,293.3,20.69,0,0,0,0
78-01,352.27,89.25,8.1731,3038.87,769.92,684.21,173.35,58.61,14.85,0,0
06-12,1733.16,1418.3,17.4003,15229.97,12463.15,769.15,629.42,74.36,60.85,99.52000000000002,0
34-10,160.97,8.81,17.9796,1705.78,93.36,639.49,35.0,0,0,0,0
34-11,174.31,9.54,19.4694,1880.82,102.94,639.49,35.0,0,0,0,0
34-12,174.88,9.5,19.3878,1915.17,104.04,644.28,35.0,0,0,0,0
74-08,355.92,72.15,7.9199,3347.44,678.58,762.1,154.49,49.87,10.11,0,0
91-06,673.28,371.16,19.1221,5272.84,2906.75,665.5,366.87,37.3,20.56,138.51,0
26-09,0,0,0,2229.69,158.19,292.05,20.72,0,0,0,0
65-02,691.22,87.43,18.6816,7142.91,903.48,279.16,35.31,23.09,2.92,0,0
40-12,185.09,10.58,10.0762,2293.99,131.13,595.85,34.06,0,0,0,0
40-11,186.94,10.61,10.1048,2308.09,131.0,600.1,34.06,0,0,0,0
40-10,195.22,11.08,10.5524,2371.69,134.61,600.1,34.06,0,0,0,0
65-12,716.98,92.43,17.8092,7518.55,969.26,273.9,35.31,22.65,2.92,0,0
00-02,1985.41,1366.42,26.8188,14716.43,10128.31,435.7,299.86,44.42,30.57,142.92,0
65-10,719.12,92.42,17.8073,7476.14,960.82,274.75,35.31,22.72,2.92,0,0
65-11,712.82,91.61,17.6513,7366.35,946.71,274.75,35.31,22.72,2.92,0,0
00-03,2159.45,1498.58,29.4128,15738.49,10921.92,412.69,286.39,38.71,26.86,157.15,0
70-08,515.61,81.52,15.209,4835.97,764.58,231.24,36.56,20.94,3.31,0,0
27-07,0,0,0,2586.4,181.4,295.85,20.75,0,0,0,0
69-12,602.35,92.06,15.9273,5236.76,800.36,274.02,41.88,21.92,3.35,0,0
21-01,0,0,0,988.32,76.13,268.6,20.69,0,0,0,0
00-07,2041.79,1430.83,26.6449,15014.87,10521.98,401.83,281.59,39.24,27.5,148.88000000000002,0
79-10,333.97,101.82,6.852,2675.5,815.7,1282.05,390.87,95.12,29.0,0,0
44-08,178.66,12.82,14.2444,2048.45,146.99,474.66,34.06,0,0,0,0
44-09,178.1,12.78,14.2,2044.83,146.73,474.66,34.06,0,0,0,0
25-07,0,0,0,1864.78,133.81,289.17,20.75,0,0,0,0
79-12,347.14,107.94,7.2638,2697.39,838.74,1466.24,455.92,104.52,32.5,0,0
44-01,167.99,11.85,12.7419,1947.78,137.4,482.83,34.06,0,0,0,0
44-02,167.56,11.82,12.7097,1932.19,136.3,482.83,34.06,0,0,0,0
44-03,170.4,12.02,12.9247,1968.2,138.84,482.83,34.06,0,0,0,0
44-04,167.31,11.87,12.9022,1920.16,136.23,480.08,34.06,0,0,0,0
44-05,174.07,12.35,13.4239,2004.87,142.24,480.08,34.06,0,0,0,0
44-06,181.91,12.98,14.1087,2079.55,148.38,477.35,34.06,0,0,0,0
44-07,177.13,12.71,14.1222,2036.19,146.11,474.66,34.06,0,0,0,0
25-11,0,0,0,2070.4,151.08,284.36,20.75,0,0,0,0
23-07,0,0,0,1246.38,86.91,297.58,20.75,0,0,0,0
69-02,676.12,98.13,16.8608,6236.9,905.21,288.55,41.88,21.15,3.07,0,0
38-10,232.04,13.17,20.5781,2673.33,151.73,616.67,35.0,0,0,0,0
38-11,224.29,12.73,19.8906,2639.68,149.82,616.67,35.0,0,0,0,0
38-12,232.75,13.21,20.6406,2726.72,154.76,616.67,35.0,0,0,0,0
23-06,0,0,0,1282.68,88.4,301.08,20.75,0,0,0,0
54-12,332.38,35.98,12.9892,3735.75,404.39,326.19,35.31,26.05,2.82,0,0
82-11,348.68,138.53,10.9597,2615.87,1039.28,1045.08,415.21,85.96,34.15,0,0
54-10,291.58,31.68,11.4368,3241.1,352.14,324.99,35.31,25.96,2.82,0,0
54-11,315.14,34.24,12.361,3559.83,386.77,324.99,35.31,25.96,2.82,0,0
23-05,0,0,0,1423.45,97.53,302.85,20.75,0,0,0,0
24-07,0,0,0,1473.37,102.14,299.75,20.78,0,0,0,0
82-10,335.9,133.72,10.5791,2491.2,991.72,1061.9,422.73,89.63,35.68,0,0
90-09,568.95,306.05,14.0777,4559.16,2452.48,722.82,388.82,73.49,39.53,166.26,0
90-08,604.48,322.56,14.8372,4899.31,2614.36,741.11,395.47,51.44,27.45,180.81,0
23-04,0,0,0,1435.86,98.38,302.85,20.75,0,0,0,0
12-05,1405.98,1310.33,14.9037,13298.17,12393.45,1671.73,1558.0,92.84,86.52,23.370000000000005,0
21-09,0,0,0,1001.87,71.08,291.63,20.69,0,0,0,0
96-11,1177.17,757.02,19.5461,10141.24,6521.7,587.31,377.69,36.85,23.7,119.65,0
90-01,637.1,329.08,15.186,5015.29,2590.54,794.71,410.49,43.93,22.69,186.48,0
14-09,2043.29,1972.29,18.6135,17656.44,17042.9,1260.29,1216.5,94.45,91.17,12.67,0
90-03,651.66,339.94,15.6871,5189.72,2707.21,751.87,392.21,38.99,20.34,196.32,0
82-12,355.4,140.64,11.1266,2644.61,1046.54,1123.0,444.4,80.16,31.72,0,0
90-05,689.59,361.23,16.9911,5491.54,2876.66,704.52,369.05,33.35,17.47,187.25,0
90-04,633.15,330.8,15.5597,5085.04,2656.76,716.39,374.29,35.41,18.5,171.65,0
90-07,673.84,356.15,16.3822,5496.64,2905.2,686.51,362.85,38.92,20.57,183.81,0
90-06,679.88,358.02,16.8401,5470.43,2880.69,668.81,352.19,32.38,17.05,179.82,0
23-01,0,0,0,1430.47,97.43,304.65,20.75,0,0,0,0
24-04,0,0,0,1315.04,90.63,301.52,20.78,0,0,0,0
53-04,228.3,24.62,9.8088,2547.76,274.75,324.56,35.0,23.83,2.57,0,0
53-05,226.7,24.54,9.7769,2515.32,272.28,323.33,35.0,23.74,2.57,0,0
53-06,222.18,24.14,9.6175,2469.07,268.26,322.14,35.0,25.96,2.82,0,0
53-07,227.8,24.75,9.7059,2534.6,275.38,322.14,35.0,25.96,2.82,0,0
53-01,244.62,26.38,10.856,2687.04,289.77,324.56,35.0,23.83,2.57,0,0
53-02,241.08,25.9,10.6584,2645.99,284.27,325.78,35.0,23.92,2.57,0,0
53-03,234.51,25.29,10.4074,2595.23,279.87,324.56,35.0,23.83,2.57,0,0
53-08,213.84,23.32,9.1451,2395.39,261.22,320.95,35.0,25.86,2.82,0,0
53-09,214.12,23.35,9.1569,2421.25,264.04,320.95,35.0,25.86,2.82,0,0
14-01,1878.85,1782.59,17.6757,16546.59,15698.85,1318.55,1251.0,102.82,97.55,12.640000000000004,0
24-05,0,0,0,1304.45,89.9,301.52,20.78,0,0,0,0
12-11,1516.73,1416.18,16.3701,13950.4,13025.58,1848.55,1726.0,94.83,88.54,18.989999999999995,0
07-10,1829.82,1549.38,23.4116,16451.34,13930.01,891.18,754.6,111.2,94.16,112.20999999999998,0
07-11,1738.86,1481.14,22.3805,15698.4,13371.72,946.54,806.25,104.02,88.6,99.49,0
91-11,671.64,375.22,23.4953,5181.48,2894.68,645.15,360.42,38.45,21.48,108.75999999999999,0
13-05,1726.95,1630.74,17.9301,16007.39,15115.57,1476.78,1394.5,97.35,91.93,14.569999999999995,0
12-03,1514.11,1408.47,15.9077,14202.94,13212.04,1787.19,1662.5,110.76,103.03,23.18000000000001,0
24-02,0,0,0,1400.97,97.69,298.01,20.78,0,0,0,0
22-11,0,0,0,1389.65,94.65,305.97,20.84,0,0,0,0
98-12,1849.99,1229.23,32.5969,13818.05,9181.43,438.98,291.68,18.27,12.14,105.8,0
83-12,401.6,164.93,11.7555,3064.79,1258.64,944.85,388.03,71.2,29.24,0,0
98-10,1652.4,1098.67,29.1347,12922.52,8592.1,445.08,295.93,21.78,14.48,106.32999999999998,0
98-11,1750.1,1163.63,30.8573,13711.29,9116.55,442.43,294.17,17.1,11.37,106.21000000000002,0
16-03,2133.89,2059.74,23.8286,18321.75,17685.09,1284.64,1240.0,37.99,36.67,25.509999999999998,0
16-02,2009.52,1932.23,22.3534,17177.16,16516.5,1166.88,1122.0,32.88,31.62,23.959999999999997,0
16-01,2019.79,1940.24,22.4461,17141.42,16466.3,1160.4,1114.7,29.64,28.47,23.08,0
86-01,476.72,211.78,14.5854,3536.3,1570.99,778.51,345.85,42.66,18.95,182.95499999999998,0
91-10,704.45,392.45,24.5742,5509.03,3069.1,643.99,358.77,41.81,23.29,129.46999999999997,0
79-11,345.02,106.16,7.144,2672.64,822.35,1277.71,393.14,100.75,31.0,0,0
16-08,2223.05,2170.95,24.3681,18842.5,18400.88,1342.87,1311.4,45.77,44.7,33.215399999999995,0
90-02,639.55,331.89,15.3156,5062.71,2627.25,802.75,416.58,41.53,21.55,173.29,0
04-08,1437.72,1104.24,19.1144,13246.44,10173.92,521.46,400.51,54.98,42.23,47.99999999999999,0
04-09,1447.84,1114.58,19.2934,13094.27,10080.27,526.46,405.28,64.38,49.56,52.04999999999999,0
24-03,0,0,0,1331.14,92.28,299.75,20.78,0,0,0,0
04-04,1452.78,1107.3,19.7204,13415.95,10225.57,529.08,403.26,48.95,37.31,32.31,0
92-10,728.5,418.68,21.9319,5613.76,3226.3,598.86,344.17,35.98,20.68,80.92999999999998,0
87-12,528.01,247.08,14.1189,4143.28,1938.83,1040.16,486.74,35.77,16.74,172.01,0
04-07,1434.44,1101.72,19.0708,13201.9,10139.71,518.31,398.09,56.92,43.72,51.3,0
19-11,0,0,0,1382.9,103.72,267.06,20.03,0,0,0,0
04-01,1506.67,1131.13,21.7525,13970.11,10488.07,551.17,413.79,44.17,33.16,29.570000000000007,0
04-02,1517.05,1144.94,22.0181,14023.69,10583.92,536.56,404.95,47.81,36.08,28.04,0
92-11,749.25,431.35,22.5956,5741.13,3305.2,581.76,334.92,34.58,19.91,86.11999999999999,0
92-12,757.26,435.71,22.824,5737.33,3301.11,581.9,334.81,33.87,19.49,86.75000000000001,0
99-02,1856.26,1238.33,32.265,13950.56,9306.58,430.71,287.33,18.45,12.31,104.21,0
99-03,1923.12,1286.37,33.5167,14630.31,9786.16,427.51,285.96,24.91,16.66,122.15000000000002,0
29-05,360.28,24.83,16.5533,4315.42,297.41,300.65,20.72,0,0,0,0
29-04,378.59,25.94,17.2933,4660.04,319.29,302.41,20.72,0,0,0,0
29-07,411.77,28.88,18.6323,4957.51,347.7,295.43,20.72,0,0,0,0
29-06,395.39,27.41,18.2733,4814.92,333.79,298.89,20.72,0,0,0,0
29-01,371.3,25.74,17.875,4580.08,317.51,298.89,20.72,0,0,0,0
24-10,0,0,0,1492.32,104.06,298.01,20.78,0,0,0,0
29-03,370.44,25.53,17.7292,4481.41,308.85,300.65,20.72,0,0,0,0
29-02,369.14,25.59,17.7708,4578.64,317.41,298.89,20.72,0,0,0,0
86-11,556.76,249.22,17.2113,4276.39,1914.23,888.44,397.69,33.51,15.0,123.20999999999997,0
86-10,545.54,243.98,16.8494,4198.56,1877.71,946.12,423.13,34.1,15.25,141.20000000000002,0
86-12,540.52,242.17,16.7244,4231.76,1895.95,872.27,390.8,40.02,17.93,130.88000000000002,0
29-09,430.02,30.16,19.4581,4896.91,343.45,295.43,20.72,0,0,0,0
29-08,452.12,31.71,20.4581,5422.75,380.33,295.43,20.72,0,0,0,0
19-03,0,0,0,1336.3,88.85,301.25,20.03,0,0,0,0
91-12,746.17,417.09,26.1171,5669.04,3168.83,645.97,361.08,34.26,19.15,92.98000000000002,0
11-03,1463.72,1325.83,16.3059,13600.98,12319.73,1588.66,1439.0,117.23,106.19,17.939999999999998,0
68-05,705.56,98.68,17.7163,6427.85,899.0,288.22,40.31,21.95,3.07,0,0
25-09,0,0,0,1999.26,143.46,289.17,20.75,0,0,0,0
24-01,0,0,0,1435.21,100.66,296.28,20.78,0,0,0,0
17-09,2516.84,2519.36,0,22382.68,22405.09,1283.52,1284.8,51.62,51.67,36.503299999999996,226.91405779000004
06-03,1599.16,1294.87,17.8185,13720.01,11109.32,688.01,557.09,81.82,66.25,119.30000000000003,0
02-12,1200.07,879.82,31.8891,11377.98,8341.63,452.74,331.92,42.57,31.21,31.540000000000003,0
75-04,407.08,87.3,10.9673,3829.91,821.34,790.75,169.58,52.04,11.16,0,0
96-01,1016.36,636.02,18.6845,8621.69,5395.3,639.98,400.49,28.38,17.76,116.22999999999998,0
28-11,348.2,24.28,17.5942,4207.36,293.38,298.01,20.78,0,0,0,0
28-10,310.91,21.68,15.7101,3616.23,252.16,298.01,20.78,0,0,0,0
23-11,0,0,0,1316.58,92.34,295.85,20.75,0,0,0,0
28-12,351.25,24.35,17.6449,4327.5,300.0,299.75,20.78,0,0,0,0
64-02,621.08,77.8,18.6124,6387.52,800.14,281.88,35.31,23.71,2.97,0,0
64-03,630.5,78.98,18.8947,6492.49,813.29,281.88,35.31,23.71,2.97,0,0
64-01,615.01,77.04,18.4306,6269.37,785.34,281.88,35.31,23.71,2.97,0,0
64-06,650.01,81.69,18.8661,6616.25,831.5,280.96,35.31,23.63,2.97,0,0
64-07,659.7,83.18,18.6085,6670.76,841.1,280.04,35.31,23.16,2.92,0,0
64-04,634.33,79.46,18.351,6472.38,810.77,281.88,35.31,23.71,2.97,0,0
64-05,641.59,80.37,18.5612,6550.53,820.56,281.88,35.31,23.71,2.97,0,0
64-08,651.12,81.83,18.3065,6671.79,838.48,280.96,35.31,23.23,2.92,0,0
64-09,667.63,84.18,18.8322,6942.56,875.37,280.04,35.31,23.16,2.92,0,0
79-04,355.55,101.76,7.279,2987.02,854.9,836.32,239.36,55.38,15.85,0,0
87-05,632.71,290.1,20.1179,4997.91,2291.57,1003.15,459.95,42.22,19.36,153.77000000000004,0
87-04,631.22,288.36,19.9972,5004.84,2286.36,961.58,439.28,41.07,18.76,146.52,0
86-05,560.25,247.35,16.8151,4250.75,1876.71,775.74,342.49,32.39,14.3,142.48,0
87-06,660.59,304.0,21.0818,5255.47,2418.53,977.11,449.66,43.94,20.22,173.34,0
87-01,607.91,274.08,18.151,4786.53,2158.04,905.59,408.29,41.54,18.73,130.07,0
21-08,0,0,0,935.24,67.11,288.34,20.69,0,0,0,0
87-03,641.74,291.7,19.3179,5070.32,2304.69,900.33,409.24,41.4,18.82,144.93,0
87-02,628.08,284.2,18.8212,4915.02,2223.99,886.25,401.02,36.35,16.45,130.07,0
21-05,0,0,0,1023.46,73.44,288.34,20.69,0,0,0,0
21-04,0,0,0,1070.75,78.57,281.96,20.69,0,0,0,0
21-07,0,0,0,952.8,68.37,288.34,20.69,0,0,0,0
21-06,0,0,0,959.33,68.45,289.97,20.69,0,0,0,0
87-09,690.33,321.83,20.2919,5569.02,2596.28,987.19,460.23,42.08,19.62,188.32,0
87-08,711.05,329.8,20.7945,5741.32,2662.95,993.18,460.66,42.6,19.76,155.0,0
21-03,0,0,0,1021.17,75.76,278.88,20.69,0,0,0,0
21-02,0,0,0,1005.18,74.98,277.37,20.69,0,0,0,0
67-07,699.73,94.75,17.8774,6677.81,904.24,260.76,35.31,22.16,3.0,0,0
67-06,671.37,90.64,17.0056,6371.95,860.26,261.54,35.31,22.22,3.0,0,0
67-05,661.86,89.08,16.7129,6334.52,852.56,262.35,35.31,22.29,3.0,0,0
67-04,700.56,94.01,17.6379,6684.82,897.05,263.13,35.31,22.36,3.0,0,0
67-03,674.25,90.2,16.5505,6473.2,865.98,263.94,35.31,22.43,3.0,0,0
67-02,650.59,86.78,15.9229,6292.76,839.37,264.72,35.31,22.49,3.0,0,0
67-01,649.32,86.61,15.8917,6371.63,849.89,264.72,35.31,22.27,2.97,0,0
10-08,1185.74,1049.33,14.6024,11316.63,10014.72,1395.55,1235.0,81.28,71.93,19.830000000000002,0
27-05,0,0,0,2451.88,172.96,294.15,20.75,0,0,0,0
67-09,709.95,96.71,18.2472,6802.61,926.66,259.21,35.31,22.54,3.07,0,0
67-08,689.47,93.64,17.6679,6636.2,901.29,259.99,35.31,22.6,3.07,0,0
20-11,0,0,0,947.31,76.04,257.01,20.63,0,0,0,0
65-05,694.63,88.42,18.2686,7212.12,918.04,277.4,35.31,22.94,2.92,0,0
20-12,0,0,0,914.84,71.95,262.31,20.63,0,0,0,0
35-12,240.05,13.43,17.6711,2576.18,144.13,625.59,35.0,0,0,0,0
48-06,171.33,16.74,9.0,1939.12,189.46,358.23,35.0,26.3,2.57,0,0
95-08,906.31,561.88,15.9716,7436.83,4610.56,619.04,383.78,28.86,17.89,131.70000000000002,0
25-01,0,0,0,1760.72,123.49,295.85,20.75,0,0,0,0
62-01,566.0,68.84,20.4273,5755.4,700.0,290.32,35.31,24.42,2.97,0,0
62-02,573.32,69.96,20.7596,5802.47,708.05,289.37,35.31,24.34,2.97,0,0
35-10,224.34,12.46,16.3947,2516.02,139.74,630.18,35.0,0,0,0,0
36-12,302.69,17.18,16.8431,3169.66,179.9,616.67,35.0,0,0,0,0
62-05,487.06,59.63,17.1844,5009.92,613.36,288.41,35.31,24.26,2.97,0,0
36-10,303.22,17.21,16.8725,3121.91,177.19,616.67,35.0,0,0,0,0
36-11,304.46,17.28,16.9412,3228.15,183.22,616.67,35.0,0,0,0,0
62-08,481.3,59.12,16.7479,4959.33,609.18,287.46,35.31,24.18,2.97,0,0
62-09,456.57,56.27,15.9405,4697.84,578.98,286.51,35.31,24.1,2.97,0,0
74-01,511.15,96.57,11.5514,4528.43,855.55,685.5,129.51,53.51,10.11,0,0
95-01,771.96,470.42,14.4522,6307.77,3843.86,621.02,378.44,30.33,18.48,157.70000000000002,0
74-07,395.99,79.31,8.7058,3781.85,757.43,718.94,143.99,50.48,10.11,0,0
74-06,432.92,86.0,9.8398,4039.33,802.41,774.18,153.79,50.89,10.11,0,0
74-05,442.95,87.28,9.9863,4071.01,802.17,826.97,162.95,51.31,10.11,0,0
48-01,152.89,14.69,8.5906,1821.92,175.05,364.28,35.0,26.75,2.57,0,0
12-06,1464.32,1362.16,15.4932,13846.1,12880.09,1718.39,1598.5,91.42,85.04,20.330000000000002,0
86-09,517.69,231.32,15.5771,3955.84,1767.58,935.6,418.05,32.9,14.7,135.57,0
10-05,1232.12,1089.41,16.2356,11464.53,10136.63,1365.68,1207.5,83.69,74.0,21.48,0
48-03,158.96,15.08,8.8187,1867.87,177.2,368.94,35.0,27.09,2.57,0,0
95-09,940.9,584.41,16.612,7710.42,4789.08,616.79,383.1,28.24,17.54,123.3,0
10-04,1342.15,1186.69,17.6854,12450.74,11008.61,1333.73,1179.25,97.35,86.07,19.2,0
56-03,446.21,48.48,13.1382,4710.52,511.79,324.99,35.31,25.96,2.82,0,0
56-02,417.31,45.34,12.2873,4451.51,483.65,324.99,35.31,25.96,2.82,0,0
56-01,403.32,43.82,11.8753,4332.69,470.74,324.99,35.31,25.96,2.82,0,0
56-07,444.61,49.39,14.2746,4661.33,517.81,317.86,35.31,25.39,2.82,0,0
56-06,425.92,46.97,13.0472,4468.53,492.78,320.19,35.31,25.57,2.82,0,0
56-05,412.95,45.2,12.5556,4367.46,478.05,322.59,35.31,25.76,2.82,0,0
56-04,443.64,48.38,13.4389,4732.82,516.12,323.79,35.31,25.86,2.82,0,0
32-01,136.09,7.89,14.0893,1314.2,76.19,358.43,20.78,0,0,0,0
78-06,361.39,95.53,8.5067,3098.09,818.95,695.16,183.76,56.18,14.85,0,0
32-03,128.79,7.31,13.0536,1291.12,73.28,366.12,20.78,0,0,0,0
32-02,145.03,8.29,14.8036,1424.71,81.44,363.53,20.78,0,0,0,0
32-05,80.48,4.47,8.7647,805.54,44.74,374.14,20.78,0,0,0,0
32-04,103.46,5.83,11.4314,995.73,56.11,368.76,20.78,0,0,0,0
32-07,110.64,6.1,13.2609,984.11,54.26,376.89,20.78,0,0,0,0
32-06,80.35,4.43,8.6863,776.99,42.84,376.89,20.78,0,0,0,0
01-12,1602.72,1148.08,46.4998,13990.11,10021.57,385.09,275.85,27.86,19.96,45.91,0
86-02,512.16,226.92,15.6281,3857.35,1709.06,764.22,338.6,29.86,13.23,163.28,0
37-08,272.86,16.04,13.1475,3017.92,177.41,595.39,35.0,0,0,0,0
37-09,232.48,13.76,11.2787,2611.46,154.57,591.33,35.0,0,0,0,0
00-04,2091.5,1452.43,27.9744,15456.83,10733.91,402.75,279.69,37.02,25.71,123.98999999999998,0
00-05,2042.82,1420.6,27.3613,15131.11,10522.33,395.72,275.19,41.75,29.03,155.04999999999995,0
00-06,2081.53,1454.6,28.0162,14950.93,10447.89,408.88,285.73,46.42,32.44,159.39999999999998,0
86-03,541.59,238.9,16.4532,4122.79,1818.61,783.57,345.64,23.24,10.25,144.13,0
37-02,316.47,18.09,16.2973,3276.63,187.3,612.29,35.0,0,0,0,0
37-03,311.29,17.92,16.1441,3238.13,186.41,607.99,35.0,0,0,0,0
12-01,1427.9,1312.41,14.8228,13744.61,12632.91,1897.47,1744.0,107.12,98.46,23.41,0
37-01,311.92,17.83,16.0631,3249.34,185.74,612.29,35.0,0,0,0,0
37-06,263.79,15.4,13.1624,2900.28,169.32,599.52,35.0,0,0,0,0
37-07,288.85,16.98,13.918,3157.41,185.61,595.39,35.0,0,0,0,0
37-04,283.4,16.43,14.0427,3005.98,174.27,603.72,35.0,0,0,0,0
37-05,278.52,16.26,13.8974,2992.61,174.71,599.52,35.0,0,0,0,0
27-01,0,0,0,2204.6,156.41,292.47,20.75,0,0,0,0
84-12,391.68,167.24,10.0505,2837.5,1211.57,748.41,319.56,59.56,25.43,0,0
81-01,367.27,129.55,8.8855,2685.51,947.27,1575.78,555.83,107.73,38.0,0,0
93-09,780.18,458.93,22.4855,6043.7,3555.12,603.38,354.93,31.82,18.72,77.89000000000001,0
86-06,565.14,250.84,17.0523,4264.3,1892.72,771.99,342.65,28.84,12.8,152.39,0
22-09,0,0,0,1443.11,97.12,309.66,20.84,0,0,0,0
86-07,531.98,236.12,15.9003,3999.77,1775.31,785.58,348.68,25.3,11.23,155.14,0
99-06,2037.1,1372.71,33.4644,16280.67,10970.8,387.78,261.31,28.69,19.33,125.52000000000001,0
99-07,1966.51,1328.72,30.2257,15769.62,10655.15,379.0,256.08,30.37,20.52,126.98999999999997,0
99-04,1981.41,1335.18,32.5495,16010.94,10789.04,419.41,282.62,27.74,18.69,104.82999999999998,0
99-05,1931.93,1301.84,31.7367,15670.65,10559.74,410.24,276.44,25.01,16.85,102.75999999999998,0
94-12,756.88,459.27,15.0088,6319.16,3834.44,625.02,379.26,29.28,17.77,151.44000000000003,0
86-04,534.87,235.52,16.0109,4051.42,1783.98,773.75,340.71,30.39,13.38,152.73,0
94-10,779.38,472.35,15.4363,6448.4,3908.12,642.79,389.57,29.96,18.16,134.91000000000003,0
94-11,747.68,453.69,14.8265,6162.25,3739.23,633.31,384.29,29.76,18.06,150.37,0
72-02,636.44,106.57,18.3425,5542.79,928.13,288.21,48.26,21.26,3.56,0,0
71-09,594.56,98.34,18.1105,5363.95,887.19,254.11,42.03,21.52,3.56,0,0
99-08,1948.93,1320.41,30.0366,15984.02,10829.28,378.87,256.69,32.69,22.15,126.42,0
99-09,1884.3,1282.71,29.179,15184.98,10336.95,388.9,264.74,36.05,24.54,133.04000000000002,0
70-10,521.15,83.25,16.2281,4730.12,755.61,228.87,36.56,20.72,3.31,0,0
70-11,543.17,87.2,16.9981,4946.39,794.09,227.73,36.56,20.62,3.31,0,0
70-12,571.15,92.15,17.963,5199.63,838.92,226.6,36.56,22.06,3.56,0,0
48-08,160.79,15.97,7.715,1829.46,181.71,352.38,35.0,25.87,2.57,0,0
48-09,155.95,15.49,7.4831,1795.12,178.3,352.38,35.0,25.87,2.57,0,0
48-04,160.43,15.48,8.3226,1870.81,180.51,362.74,35.0,26.64,2.57,0,0
48-05,172.26,16.69,8.9731,1968.63,190.74,361.24,35.0,26.52,2.57,0,0
35-11,231.47,12.95,17.0395,2544.36,142.35,625.59,35.0,0,0,0,0
48-07,160.23,15.85,7.657,1833.06,181.33,353.82,35.0,25.98,2.57,0,0
55-11,417.33,45.51,12.5718,4431.49,483.26,323.79,35.31,25.86,2.82,0,0
55-10,388.26,42.34,11.6961,4171.16,454.87,323.79,35.31,25.86,2.82,0,0
48-02,146.94,14.0,8.1871,1755.98,167.3,367.36,35.0,26.97,2.57,0,0
55-12,418.6,45.48,12.5635,4495.23,488.4,324.99,35.31,25.96,2.82,0,0
24-08,0,0,0,1511.07,104.14,301.52,20.78,0,0,0,0
84-10,388.98,166.09,9.9814,2827.68,1207.38,796.09,339.92,67.38,28.77,0,0
